LoanAccountId,SourceId,AccountNumber,AccountCurrencyId,AccountCurrency,OrganizationId,OrganizationName,ChannelID,BrokerId,OpenDateId,OpenDate,CancelledDateId,CancelledDate,ValueDate,ProductId,Product,InvoiceDay,CurrentInstallmentAmount,CurrentInvoiceFee,NextInvoiceDate,CalculatedMaturityDate,IsActive,LoanStatus
1,8,001003250055,49,EUR,22,Nordic Finland,29,173,20171017,2017-10-17,20230308,2023-03-08,2019-10-12,293,Nordic CL Unsecured loan,14,63132.0,5,2024-03-14,2026-12-14,0,Cancelled
2,8,001004620017,49,EUR,40,Nordic Finland,28,173,20170523,2017-05-23,-1,,2019-10-12,344,NF1 CL Unsecured loan,14,53704.0,5,2024-03-14,2039-05-14,1,Active
3,8,001005760051,49,EUR,22,Nordic Finland,,166,20190711,2019-07-11,20210901,2021-09-01,2019-10-12,293,Nordic CL Unsecured loan,14,35473.0,5,2024-03-14,2021-08-14,0,Cancelled
4,8,001005760051,49,EUR,22,Nordic Finland,,166,20190711,2019-07-11,20210901,2021-09-01,2019-10-12,293,Nordic CL Unsecured loan,14,35473.0,5,2024-03-14,2021-08-14,0,Cancelled
5,8,001012630057,49,EUR,22,Nordic Finland,27,173,20190918,2019-09-18,-1,,2019-10-12,293,Nordic CL Unsecured loan,14,57713.0,5,2024-03-14,2031-05-14,1,Active
6,8,001013250012,49,EUR,22,Nordic Finland,31,173,20170607,2017-06-07,-1,,2019-10-12,293,Nordic CL Unsecured loan,14,51457.0,5,2024-03-14,2034-03-14,1,Active
7,8,001013310014,49,EUR,40,Nordic Finland,31,173,20170606,2017-06-06,-1,,2019-10-12,344,NF1 CL Unsecured loan,14,51796.0,5,2024-03-14,2037-10-14,1,Active
8,8,001016880013,49,EUR,22,Nordic Finland,27,173,20170620,2017-06-20,-1,,2019-10-12,293,Nordic CL Unsecured loan,14,23452.0,5,2024-03-14,2032-06-14,1,Active
9,8,001027200011,49,EUR,40,Nordic Finland,31,173,20170712,2017-07-12,-1,,2019-10-12,344,NF1 CL Unsecured loan,14,47839.0,5,2024-03-14,2035-08-14,1,Active
10,8,001027840097,49,EUR,40,Nordic Finland,,166,20180625,2018-06-25,-1,,2019-10-12,344,NF1 CL Unsecured loan,14,33596.0,5,2024-03-14,2034-03-14,1,Active
11,8,001027840097,49,EUR,40,Nordic Finland,,166,20180625,2018-06-25,-1,,2019-10-12,344,NF1 CL Unsecured loan,14,33596.0,5,2024-03-14,2034-03-14,1,Active
12,8,001032460014,49,EUR,22,Nordic Finland,31,173,20170726,2017-07-26,-1,,2019-10-12,293,Nordic CL Unsecured loan,14,46317.0,5,2024-03-14,2032-04-14,1,Active
13,8,001055260051,49,EUR,40,Nordic Finland,,174,20190509,2019-05-09,-1,,2019-10-12,344,NF1 CL Unsecured loan,14,55984.0,5,2024-03-14,2035-08-14,1,Active
14,8,001055260051,49,EUR,40,Nordic Finland,,165,20190509,2019-05-09,-1,,2019-10-12,344,NF1 CL Unsecured loan,14,55984.0,5,2024-03-14,2035-08-14,1,Active
15,8,001059610012,49,EUR,40,Nordic Finland,27,173,20171024,2017-10-24,-1,,2019-10-12,344,NF1 CL Unsecured loan,14,45809.0,5,2024-03-14,2030-11-14,1,Active
16,8,001062990013,49,EUR,22,Nordic Finland,,167,20171019,2017-10-19,20230218,2023-02-18,2019-10-12,293,Nordic CL Unsecured loan,14,5205.0,5,2024-03-14,2033-09-14,0,Cancelled
17,8,001062990013,49,EUR,22,Nordic Finland,,167,20171019,2017-10-19,20230218,2023-02-18,2019-10-12,293,Nordic CL Unsecured loan,14,5205.0,5,2024-03-14,2033-09-14,0,Cancelled
18,8,001063800054,49,EUR,40,Nordic Finland,,165,20171214,2017-12-14,-1,,2019-10-12,344,NF1 CL Unsecured loan,14,54272.0,5,2024-03-14,2031-04-14,1,Active
19,8,001063800054,49,EUR,40,Nordic Finland,,165,20171214,2017-12-14,-1,,2019-10-12,344,NF1 CL Unsecured loan,14,54272.0,5,2024-03-14,2031-04-14,1,Active
20,8,001067300093,49,EUR,22,Nordic Finland,,170,20180628,2018-06-28,20210320,2021-03-20,2019-10-12,293,Nordic CL Unsecured loan,14,40672.0,5,2024-03-14,2034-12-14,0,Cancelled
21,8,001067300093,49,EUR,22,Nordic Finland,,170,20180628,2018-06-28,20210320,2021-03-20,2019-10-12,293,Nordic CL Unsecured loan,14,40672.0,5,2024-03-14,2034-12-14,0,Cancelled
22,8,001077250015,49,EUR,40,Nordic Finland,27,173,20171122,2017-11-22,-1,,2019-10-12,344,NF1 CL Unsecured loan,14,57948.0,5,2024-03-14,2028-06-14,1,Active
23,8,001079380018,49,EUR,22,Nordic Finland,,175,20171127,2017-11-27,-1,,2019-10-12,293,Nordic CL Unsecured loan,14,42633.0,5,2024-03-14,2035-10-14,1,Active
24,8,001079380018,49,EUR,22,Nordic Finland,,166,20171127,2017-11-27,-1,,2019-10-12,293,Nordic CL Unsecured loan,14,42633.0,5,2024-03-14,2035-10-14,1,Active
25,8,001081740019,49,EUR,22,Nordic Finland,27,173,20171201,2017-12-01,-1,,2019-10-12,293,Nordic CL Unsecured loan,14,78322.0,5,2024-03-14,2030-05-14,1,Active
26,8,001083450013,49,EUR,22,Nordic Finland,,166,20171207,2017-12-07,20230629,2023-06-29,2019-10-12,293,Nordic CL Unsecured loan,14,49748.0,5,2024-03-14,,0,Cancelled
27,8,001083450013,49,EUR,22,Nordic Finland,,166,20171207,2017-12-07,20230629,2023-06-29,2019-10-12,293,Nordic CL Unsecured loan,14,49748.0,5,2024-03-14,,0,Cancelled
28,8,001085360012,49,EUR,22,Nordic Finland,27,173,20171213,2017-12-13,20230308,2023-03-08,2019-10-12,293,Nordic CL Unsecured loan,14,36419.0,5,2024-03-14,2031-07-14,0,Cancelled
29,8,001085590014,49,EUR,22,Nordic Finland,,165,20171212,2017-12-12,20200221,2020-02-21,2019-10-12,293,Nordic CL Unsecured loan,14,27426.0,5,2024-03-14,2021-10-14,0,Cancelled
30,8,001085590014,49,EUR,22,Nordic Finland,,165,20171212,2017-12-12,20200221,2020-02-21,2019-10-12,293,Nordic CL Unsecured loan,14,27426.0,5,2024-03-14,2021-10-14,0,Cancelled
31,8,001086650015,49,EUR,22,Nordic Finland,28,173,20171215,2017-12-15,20220319,2022-03-19,2019-10-12,293,Nordic CL Unsecured loan,14,35912.0,5,2024-03-14,2034-08-14,0,Cancelled
32,8,001087480016,49,EUR,40,Nordic Finland,,165,20171222,2017-12-22,-1,,2019-10-12,344,NF1 CL Unsecured loan,14,5405.0,5,2024-03-14,2037-03-14,1,Active
33,8,001087480016,49,EUR,40,Nordic Finland,,174,20171222,2017-12-22,-1,,2019-10-12,344,NF1 CL Unsecured loan,14,5405.0,5,2024-03-14,2037-03-14,1,Active
34,8,001099120014,49,EUR,22,Nordic Finland,29,173,20180119,2018-01-19,20220506,2022-05-06,2019-10-12,293,Nordic CL Unsecured loan,14,3976.0,5,2024-03-14,2033-10-14,0,Cancelled
35,8,001114470014,49,EUR,22,Nordic Finland,27,173,20180320,2018-03-20,20221029,2022-10-29,2019-10-12,293,Nordic CL Unsecured loan,14,19791.0,5,2024-03-14,2022-10-14,0,Cancelled
36,8,001115160051,49,EUR,22,Nordic Finland,27,173,20191017,2019-10-17,-1,,2019-10-17,293,Nordic CL Unsecured loan,14,60338.0,5,2024-03-14,2033-10-14,1,Active
37,8,001116410018,49,EUR,22,Nordic Finland,27,173,20180302,2018-03-02,-1,,2019-10-12,293,Nordic CL Unsecured loan,14,43764.0,5,2024-03-14,2029-07-14,1,Active
38,8,001116500016,49,EUR,22,Nordic Finland,,176,20180305,2018-03-05,-1,,2019-10-12,293,Nordic CL Unsecured loan,14,32269.0,5,2024-03-14,2040-08-14,1,Active
39,8,001116500016,49,EUR,22,Nordic Finland,,167,20180305,2018-03-05,-1,,2019-10-12,293,Nordic CL Unsecured loan,14,32269.0,5,2024-03-14,2040-08-14,1,Active
40,8,001118630050,49,EUR,22,Nordic Finland,,169,20181022,2018-10-22,20200827,2020-08-27,2019-10-12,293,Nordic CL Unsecured loan,14,1103.0,5,2024-03-14,2023-10-14,0,Cancelled
41,8,001118630050,49,EUR,22,Nordic Finland,,178,20181022,2018-10-22,20200827,2020-08-27,2019-10-12,293,Nordic CL Unsecured loan,14,1103.0,5,2024-03-14,2023-10-14,0,Cancelled
42,8,001121210015,49,EUR,40,Nordic Finland,27,173,20180228,2018-02-28,-1,,2019-10-12,344,NF1 CL Unsecured loan,14,53964.0,5,2024-03-14,2036-09-14,1,Active
43,8,001123710012,49,EUR,40,Nordic Finland,,166,20180307,2018-03-07,-1,,2019-10-12,344,NF1 CL Unsecured loan,14,3152.0,5,2024-03-14,2029-08-14,1,Active
44,8,001123710012,49,EUR,40,Nordic Finland,,166,20180307,2018-03-07,-1,,2019-10-12,344,NF1 CL Unsecured loan,14,3152.0,5,2024-03-14,2029-08-14,1,Active
45,8,001124300011,49,EUR,22,Nordic Finland,27,173,20180306,2018-03-06,20211028,2021-10-28,2019-10-12,293,Nordic CL Unsecured loan,14,23218.0,5,2024-03-14,2031-12-14,0,Cancelled
46,8,001132020015,49,EUR,22,Nordic Finland,,169,20180403,2018-04-03,20221112,2022-11-12,2019-10-12,293,Nordic CL Unsecured loan,14,2131.0,"9,9",2024-03-14,2022-12-14,0,Cancelled
47,8,001132020015,49,EUR,22,Nordic Finland,,178,20180403,2018-04-03,20221112,2022-11-12,2019-10-12,293,Nordic CL Unsecured loan,14,2131.0,"9,9",2024-03-14,2022-12-14,0,Cancelled
48,8,001134360013,49,EUR,22,Nordic Finland,,165,20180322,2018-03-22,-1,,2019-10-12,293,Nordic CL Unsecured loan,14,29056.0,5,2024-03-14,2029-11-14,1,Active
49,8,001134360013,49,EUR,22,Nordic Finland,,174,20180322,2018-03-22,-1,,2019-10-12,293,Nordic CL Unsecured loan,14,29056.0,5,2024-03-14,2029-11-14,1,Active
50,8,001142520012,49,EUR,40,Nordic Finland,28,173,20180406,2018-04-06,-1,,2019-10-12,344,NF1 CL Unsecured loan,14,50675.0,5,2024-03-14,2032-10-14,1,Active
51,8,001143420014,49,EUR,22,Nordic Finland,,167,20180409,2018-04-09,20230216,2023-02-16,2019-10-12,293,Nordic CL Unsecured loan,14,18153.0,5,2024-03-14,2029-11-14,0,Cancelled
52,8,001143420014,49,EUR,22,Nordic Finland,,167,20180409,2018-04-09,20230216,2023-02-16,2019-10-12,293,Nordic CL Unsecured loan,14,18153.0,5,2024-03-14,2029-11-14,0,Cancelled
53,8,001144040019,49,EUR,22,Nordic Finland,,166,20180409,2018-04-09,20230919,2023-09-19,2019-10-12,293,Nordic CL Unsecured loan,14,1079.0,5,2024-03-14,2026-01-14,0,Cancelled
54,8,001144040019,49,EUR,22,Nordic Finland,,166,20180409,2018-04-09,20230919,2023-09-19,2019-10-12,293,Nordic CL Unsecured loan,14,1079.0,5,2024-03-14,2026-01-14,0,Cancelled
55,8,001145520050,49,EUR,22,Nordic Finland,27,173,20190808,2019-08-08,-1,,2019-10-12,293,Nordic CL Unsecured loan,14,44279.0,5,2024-03-14,2033-03-14,1,Active
56,8,001148620014,49,EUR,22,Nordic Finland,27,173,20180419,2018-04-19,-1,,2019-10-12,293,Nordic CL Unsecured loan,14,23215.0,5,2024-03-14,2037-06-14,1,Active
57,8,001149540013,49,EUR,22,Nordic Finland,27,173,20180508,2018-05-08,20210722,2021-07-22,2019-10-12,293,Nordic CL Unsecured loan,14,3312.0,5,2024-03-14,2028-02-14,0,Cancelled
58,8,001151770094,49,EUR,22,Nordic Finland,,171,20190719,2019-07-19,20230114,2023-01-14,2019-10-12,293,Nordic CL Unsecured loan,14,12836.0,5,2024-03-14,,0,Cancelled
59,8,001151770094,49,EUR,22,Nordic Finland,,171,20190719,2019-07-19,20230114,2023-01-14,2019-10-12,293,Nordic CL Unsecured loan,14,12836.0,5,2024-03-14,,0,Cancelled
60,8,001055820011,49,EUR,22,Nordic Finland,31,173,20170928,2017-09-28,-1,,2019-10-12,294,Nordic OLD Unsecured loan,14,3441.0,5,2024-03-14,2025-02-14,1,Active
61,8,001056220013,49,EUR,22,Nordic Finland,,165,20171004,2017-10-04,20220928,2022-09-28,2019-10-12,294,Nordic OLD Unsecured loan,14,34226.0,5,2024-03-14,2034-07-14,0,Cancelled
62,8,001056220013,49,EUR,22,Nordic Finland,,165,20171004,2017-10-04,20220928,2022-09-28,2019-10-12,294,Nordic OLD Unsecured loan,14,34226.0,5,2024-03-14,2034-07-14,0,Cancelled
63,8,001056270018,49,EUR,22,Nordic Finland,,176,20171002,2017-10-02,-1,,2019-10-12,294,Nordic OLD Unsecured loan,14,4761.0,5,2024-03-14,2026-03-14,1,Active
64,8,001056270018,49,EUR,22,Nordic Finland,,167,20171002,2017-10-02,-1,,2019-10-12,294,Nordic OLD Unsecured loan,14,4761.0,5,2024-03-14,2026-03-14,1,Active
65,8,001056880014,49,EUR,22,Nordic Finland,28,173,20171009,2017-10-09,-1,,2019-10-12,294,Nordic OLD Unsecured loan,14,28157.0,5,2024-03-14,2030-01-14,1,Active
66,8,001057480012,49,EUR,22,Nordic Finland,,166,20171010,2017-10-10,20210831,2021-08-31,2019-10-12,294,Nordic OLD Unsecured loan,14,58419.0,5,2024-03-14,2027-03-14,0,Cancelled
67,8,001057480012,49,EUR,22,Nordic Finland,,166,20171010,2017-10-10,20210831,2021-08-31,2019-10-12,294,Nordic OLD Unsecured loan,14,58419.0,5,2024-03-14,2027-03-14,0,Cancelled
68,8,001057530055,49,EUR,22,Nordic Finland,,169,20180824,2018-08-24,20210323,2021-03-23,2019-10-12,294,Nordic OLD Unsecured loan,14,19362.0,5,2024-03-14,2033-09-14,0,Cancelled
69,8,001057530055,49,EUR,22,Nordic Finland,,169,20180824,2018-08-24,20210323,2021-03-23,2019-10-12,294,Nordic OLD Unsecured loan,14,19362.0,5,2024-03-14,2033-09-14,0,Cancelled
70,8,001058020056,49,EUR,22,Nordic Finland,,167,20180206,2018-02-06,-1,,2019-10-12,294,Nordic OLD Unsecured loan,14,31527.0,5,2024-03-14,2030-01-14,1,Active
71,8,001058020056,49,EUR,22,Nordic Finland,,167,20180206,2018-02-06,-1,,2019-10-12,294,Nordic OLD Unsecured loan,14,31527.0,5,2024-03-14,2030-01-14,1,Active
72,8,001058130012,49,EUR,22,Nordic Finland,29,173,20171004,2017-10-04,-1,,2019-10-12,294,Nordic OLD Unsecured loan,14,20321.0,0,2024-03-14,2020-11-14,1,Active
73,8,001058880012,49,EUR,22,Nordic Finland,27,173,20171009,2017-10-09,20230610,2023-06-10,2019-10-12,294,Nordic OLD Unsecured loan,14,9606.0,5,2024-03-14,2028-09-14,0,Cancelled
74,8,001058960053,49,EUR,22,Nordic Finland,27,173,20171102,2017-11-02,-1,,2019-10-12,294,Nordic OLD Unsecured loan,14,47346.0,5,2024-03-14,2027-11-14,1,Active
75,8,001059680015,49,EUR,22,Nordic Finland,,166,20171009,2017-10-09,-1,,2019-10-12,294,Nordic OLD Unsecured loan,14,39981.0,5,2024-03-14,2034-07-14,1,Active
76,8,001059680015,49,EUR,22,Nordic Finland,,166,20171009,2017-10-09,-1,,2019-10-12,294,Nordic OLD Unsecured loan,14,39981.0,5,2024-03-14,2034-07-14,1,Active
77,8,001060420013,49,EUR,22,Nordic Finland,,166,20171012,2017-10-12,-1,,2019-10-12,294,Nordic OLD Unsecured loan,14,14009.0,5,2024-03-14,2032-08-14,1,Active
78,8,001060420013,49,EUR,22,Nordic Finland,,166,20171012,2017-10-12,-1,,2019-10-12,294,Nordic OLD Unsecured loan,14,14009.0,5,2024-03-14,2032-08-14,1,Active
79,8,001061030019,49,EUR,22,Nordic Finland,,166,20171013,2017-10-13,20230411,2023-04-11,2019-10-12,294,Nordic OLD Unsecured loan,14,25612.0,5,2024-03-14,2027-11-14,0,Cancelled
80,8,001061030019,49,EUR,22,Nordic Finland,,166,20171013,2017-10-13,20230411,2023-04-11,2019-10-12,294,Nordic OLD Unsecured loan,14,25612.0,5,2024-03-14,2027-11-14,0,Cancelled
81,8,001061080014,49,EUR,22,Nordic Finland,31,173,20171016,2017-10-16,20191228,2019-12-28,2019-10-12,294,Nordic OLD Unsecured loan,14,2066.0,5,2024-03-14,2020-03-14,0,Cancelled
82,8,001061600092,49,EUR,22,Nordic Finland,,166,20171218,2017-12-18,20200731,2020-07-31,2019-10-12,294,Nordic OLD Unsecured loan,14,4387.0,0,2024-03-14,2019-10-15,0,Cancelled
83,8,001061600092,49,EUR,22,Nordic Finland,,175,20171218,2017-12-18,20200731,2020-07-31,2019-10-12,294,Nordic OLD Unsecured loan,14,4387.0,0,2024-03-14,2019-10-15,0,Cancelled
84,8,001062240013,49,EUR,22,Nordic Finland,,167,20171027,2017-10-27,20221117,2022-11-17,2019-10-12,294,Nordic OLD Unsecured loan,14,33374.0,5,2024-03-14,2022-11-14,0,Cancelled
85,8,001062240013,49,EUR,22,Nordic Finland,,167,20171027,2017-10-27,20221117,2022-11-17,2019-10-12,294,Nordic OLD Unsecured loan,14,33374.0,5,2024-03-14,2022-11-14,0,Cancelled
86,8,001062310014,49,EUR,22,Nordic Finland,27,173,20171018,2017-10-18,20230202,2023-02-02,2019-10-12,294,Nordic OLD Unsecured loan,14,26538.0,5,2024-03-14,2023-01-14,0,Cancelled
87,8,001062930019,49,EUR,22,Nordic Finland,,166,20171018,2017-10-18,20230308,2023-03-08,2019-10-12,294,Nordic OLD Unsecured loan,14,3089.0,5,2024-03-14,2034-06-14,0,Cancelled
88,8,001062930019,49,EUR,22,Nordic Finland,,166,20171018,2017-10-18,20230308,2023-03-08,2019-10-12,294,Nordic OLD Unsecured loan,14,3089.0,5,2024-03-14,2034-06-14,0,Cancelled
89,8,001063700056,49,EUR,22,Nordic Finland,27,173,20180605,2018-06-05,20211030,2021-10-30,2019-10-12,294,Nordic OLD Unsecured loan,14,14762.0,5,2024-03-14,2033-05-14,0,Cancelled
90,8,001064140096,49,EUR,22,Nordic Finland,,175,20181108,2018-11-08,-1,,2019-10-12,294,Nordic OLD Unsecured loan,14,34167.0,5,2024-03-14,2036-04-14,1,Active
91,8,001064140096,49,EUR,22,Nordic Finland,,166,20181108,2018-11-08,-1,,2019-10-12,294,Nordic OLD Unsecured loan,14,34167.0,5,2024-03-14,2036-04-14,1,Active
92,8,001064270018,49,EUR,22,Nordic Finland,31,173,20171023,2017-10-23,20210410,2021-04-10,2019-10-12,294,Nordic OLD Unsecured loan,14,1426.0,5,2024-03-14,2026-05-14,0,Cancelled
93,8,001064800012,49,EUR,22,Nordic Finland,27,173,20171025,2017-10-25,-1,,2019-10-12,294,Nordic OLD Unsecured loan,14,45734.0,5,2024-03-14,2031-02-14,1,Active
94,8,001065390013,49,EUR,22,Nordic Finland,,165,20171024,2017-10-24,-1,,2019-10-12,294,Nordic OLD Unsecured loan,14,27764.0,5,2024-03-14,2031-10-14,1,Active
95,8,001065390013,49,EUR,22,Nordic Finland,,165,20171024,2017-10-24,-1,,2019-10-12,294,Nordic OLD Unsecured loan,14,27764.0,5,2024-03-14,2031-10-14,1,Active
96,8,001065470013,49,EUR,22,Nordic Finland,,167,20171025,2017-10-25,-1,,2019-10-12,294,Nordic OLD Unsecured loan,14,56687.0,5,2024-03-14,2032-12-14,1,Active
97,8,001065470013,49,EUR,22,Nordic Finland,,167,20171025,2017-10-25,-1,,2019-10-12,294,Nordic OLD Unsecured loan,14,56687.0,5,2024-03-14,2032-12-14,1,Active
98,8,001066280015,49,EUR,22,Nordic Finland,27,173,20171026,2017-10-26,-1,,2019-10-12,294,Nordic OLD Unsecured loan,14,59625.0,5,2024-03-14,2035-04-14,1,Active
99,8,001066730019,49,EUR,22,Nordic Finland,27,173,20171027,2017-10-27,20220831,2022-08-31,2019-10-12,294,Nordic OLD Unsecured loan,14,29604.0,5,2024-03-14,2027-11-14,0,Cancelled
100,8,001066800010,49,EUR,22,Nordic Finland,,166,20171027,2017-10-27,-1,,2019-10-12,294,Nordic OLD Unsecured loan,14,49815.0,5,2024-03-14,2033-01-14,1,Active
101,8,001066800010,49,EUR,22,Nordic Finland,,166,20171027,2017-10-27,-1,,2019-10-12,294,Nordic OLD Unsecured loan,14,49815.0,5,2024-03-14,2033-01-14,1,Active
102,8,001067250017,49,EUR,22,Nordic Finland,,165,20171031,2017-10-31,20191031,2019-10-31,2019-10-12,294,Nordic OLD Unsecured loan,14,43618.0,5,2024-03-14,2032-11-14,0,Cancelled
103,8,001067250017,49,EUR,22,Nordic Finland,,165,20171031,2017-10-31,20191031,2019-10-31,2019-10-12,294,Nordic OLD Unsecured loan,14,43618.0,5,2024-03-14,2032-11-14,0,Cancelled
104,8,001067750016,49,EUR,22,Nordic Finland,27,173,20171030,2017-10-30,-1,,2019-10-12,294,Nordic OLD Unsecured loan,14,21176.0,5,2024-03-14,2030-01-14,1,Active
105,8,001067810059,49,EUR,22,Nordic Finland,27,173,20181120,2018-11-20,20210504,2021-05-04,2019-10-12,294,Nordic OLD Unsecured loan,14,42094.0,5,2024-03-14,2021-08-14,0,Cancelled
106,8,001068190014,49,EUR,22,Nordic Finland,27,173,20171107,2017-11-07,20211231,2021-12-31,2019-10-12,294,Nordic OLD Unsecured loan,14,53586.0,5,2024-03-14,2028-12-14,0,Cancelled
107,8,001068260015,49,EUR,22,Nordic Finland,29,173,20171031,2017-10-31,-1,,2019-10-12,294,Nordic OLD Unsecured loan,14,30045.0,5,2024-03-14,2033-02-14,1,Active
108,8,001068880010,49,EUR,22,Nordic Finland,27,173,20171031,2017-10-31,20191113,2019-11-13,2019-10-12,294,Nordic OLD Unsecured loan,14,12875.0,5,2024-03-14,2019-10-15,0,Cancelled
109,8,001069570016,49,EUR,22,Nordic Finland,27,173,20171102,2017-11-02,-1,,2019-10-12,294,Nordic OLD Unsecured loan,14,3267.0,0,2024-03-14,2025-09-14,1,Active
110,8,001069790010,49,EUR,22,Nordic Finland,,167,20171121,2017-11-21,-1,,2019-10-12,294,Nordic OLD Unsecured loan,14,20726.0,5,2024-03-14,2032-11-14,1,Active
111,8,001069790010,49,EUR,22,Nordic Finland,,167,20171121,2017-11-21,-1,,2019-10-12,294,Nordic OLD Unsecured loan,14,20726.0,5,2024-03-14,2032-11-14,1,Active
112,8,001070280019,49,EUR,22,Nordic Finland,27,173,20171108,2017-11-08,-1,,2019-10-12,294,Nordic OLD Unsecured loan,14,71043.0,5,2024-03-14,2032-12-14,1,Active
113,8,001070790058,49,EUR,22,Nordic Finland,,169,20190123,2019-01-23,-1,,2019-10-12,294,Nordic OLD Unsecured loan,14,14094.0,0,2024-03-14,2025-10-14,1,Active
114,8,001070790058,49,EUR,22,Nordic Finland,,178,20190123,2019-01-23,-1,,2019-10-12,294,Nordic OLD Unsecured loan,14,14094.0,0,2024-03-14,2025-10-14,1,Active
115,8,001071340093,49,EUR,22,Nordic Finland,,174,20180801,2018-08-01,-1,,2019-10-12,294,Nordic OLD Unsecured loan,14,24522.0,5,2024-03-14,2028-09-14,1,Active
116,8,001071340093,49,EUR,22,Nordic Finland,,165,20180801,2018-08-01,-1,,2019-10-12,294,Nordic OLD Unsecured loan,14,24522.0,5,2024-03-14,2028-09-14,1,Active
117,8,001071380016,49,EUR,22,Nordic Finland,27,173,20171108,2017-11-08,-1,,2019-10-12,294,Nordic OLD Unsecured loan,14,43274.0,0,2024-03-14,2025-03-14,1,Active
118,8,001072150012,49,EUR,22,Nordic Finland,27,173,20171109,2017-11-09,20231031,2023-10-31,2019-10-12,294,Nordic OLD Unsecured loan,14,35519.0,5,2024-03-14,2023-10-14,0,Cancelled
119,8,001072560012,49,EUR,22,Nordic Finland,,167,20171129,2017-11-29,20230308,2023-03-08,2019-10-12,294,Nordic OLD Unsecured loan,14,29257.0,5,2024-03-14,2026-06-14,0,Cancelled
120,8,001072560012,49,EUR,22,Nordic Finland,,167,20171129,2017-11-29,20230308,2023-03-08,2019-10-12,294,Nordic OLD Unsecured loan,14,29257.0,5,2024-03-14,2026-06-14,0,Cancelled
121,8,001073630053,49,EUR,22,Nordic Finland,27,173,20190307,2019-03-07,20230323,2023-03-23,2019-10-12,294,Nordic OLD Unsecured loan,14,31963.0,5,2024-03-14,2030-12-14,0,Cancelled
122,8,001074280056,49,EUR,22,Nordic Finland,,175,20190522,2019-05-22,20221004,2022-10-04,2019-10-12,294,Nordic OLD Unsecured loan,14,54226.0,5,2024-03-14,2034-10-14,0,Cancelled
123,8,001074280056,49,EUR,22,Nordic Finland,,166,20190522,2019-05-22,20221004,2022-10-04,2019-10-12,294,Nordic OLD Unsecured loan,14,54226.0,5,2024-03-14,2034-10-14,0,Cancelled
124,8,001078540018,49,EUR,22,Nordic Finland,,166,20171127,2017-11-27,-1,,2019-10-12,294,Nordic OLD Unsecured loan,14,33245.0,5,2024-03-14,2034-05-14,1,Active
125,8,001078540018,49,EUR,22,Nordic Finland,,175,20171127,2017-11-27,-1,,2019-10-12,294,Nordic OLD Unsecured loan,14,33245.0,5,2024-03-14,2034-05-14,1,Active
126,8,001079930010,49,EUR,22,Nordic Finland,27,173,20171129,2017-11-29,20200731,2020-07-31,2019-10-12,294,Nordic OLD Unsecured loan,14,17933.0,0,2024-03-14,2019-10-15,0,Cancelled
127,8,001080680018,49,EUR,22,Nordic Finland,27,276,20171129,2017-11-29,20200115,2020-01-15,2019-10-12,294,Nordic OLD Unsecured loan,14,505.0,5,2024-03-14,2021-09-14,0,Cancelled
128,8,001081160010,49,EUR,22,Nordic Finland,27,173,20171201,2017-12-01,20220208,2022-02-08,2019-10-12,294,Nordic OLD Unsecured loan,14,41277.0,5,2024-03-14,2031-09-14,0,Cancelled
129,8,001081800011,49,EUR,22,Nordic Finland,,168,20171205,2017-12-05,20230308,2023-03-08,2019-10-12,294,Nordic OLD Unsecured loan,14,2702.0,5,2024-03-14,2023-04-14,0,Cancelled
130,8,001081800011,49,EUR,22,Nordic Finland,,168,20171205,2017-12-05,20230308,2023-03-08,2019-10-12,294,Nordic OLD Unsecured loan,14,2702.0,5,2024-03-14,2023-04-14,0,Cancelled
131,8,001082410091,49,EUR,22,Nordic Finland,29,173,20180413,2018-04-13,-1,,2019-10-12,294,Nordic OLD Unsecured loan,14,21742.0,0,2024-03-14,2025-04-14,1,Active
132,8,001082960012,49,EUR,22,Nordic Finland,,166,20171208,2017-12-08,20191213,2019-12-13,2019-10-12,294,Nordic OLD Unsecured loan,14,19465.0,5,2024-03-14,2020-01-14,0,Cancelled
133,8,001082960012,49,EUR,22,Nordic Finland,,175,20171208,2017-12-08,20191213,2019-12-13,2019-10-12,294,Nordic OLD Unsecured loan,14,19465.0,5,2024-03-14,2020-01-14,0,Cancelled
134,8,001083030013,49,EUR,22,Nordic Finland,,166,20171207,2017-12-07,-1,,2019-10-12,294,Nordic OLD Unsecured loan,14,27417.0,5,2024-03-14,2030-10-14,1,Active
135,8,001083030013,49,EUR,22,Nordic Finland,,166,20171207,2017-12-07,-1,,2019-10-12,294,Nordic OLD Unsecured loan,14,27417.0,5,2024-03-14,2030-10-14,1,Active
136,8,001083550010,49,EUR,22,Nordic Finland,,166,20171207,2017-12-07,-1,,2019-10-12,294,Nordic OLD Unsecured loan,14,49473.0,0,2024-03-14,2020-08-14,1,Active
137,8,001083550010,49,EUR,22,Nordic Finland,,166,20171207,2017-12-07,-1,,2019-10-12,294,Nordic OLD Unsecured loan,14,49473.0,0,2024-03-14,2020-08-14,1,Active
138,8,001084000015,49,EUR,22,Nordic Finland,,175,20171207,2017-12-07,-1,,2019-10-12,294,Nordic OLD Unsecured loan,14,21734.0,5,2024-03-14,2032-12-14,1,Active
139,8,001084000015,49,EUR,22,Nordic Finland,,166,20171207,2017-12-07,-1,,2019-10-12,294,Nordic OLD Unsecured loan,14,21734.0,5,2024-03-14,2032-12-14,1,Active
140,8,001084590015,49,EUR,22,Nordic Finland,,165,20171211,2017-12-11,-1,,2019-10-12,294,Nordic OLD Unsecured loan,14,42643.0,5,2024-03-14,2034-02-14,1,Active
141,8,001084590015,49,EUR,22,Nordic Finland,,174,20171211,2017-12-11,-1,,2019-10-12,294,Nordic OLD Unsecured loan,14,42643.0,5,2024-03-14,2034-02-14,1,Active
142,8,001084760014,49,EUR,22,Nordic Finland,,166,20171218,2017-12-18,-1,,2019-10-12,294,Nordic OLD Unsecured loan,14,32253.0,0,2024-03-14,2024-08-14,1,Active
143,8,001084760014,49,EUR,22,Nordic Finland,,166,20171218,2017-12-18,-1,,2019-10-12,294,Nordic OLD Unsecured loan,14,32253.0,0,2024-03-14,2024-08-14,1,Active
144,8,001086160015,49,EUR,22,Nordic Finland,,165,20171213,2017-12-13,-1,,2019-10-12,294,Nordic OLD Unsecured loan,14,4837.0,5,2024-03-14,2026-05-14,1,Active
145,8,001086160015,49,EUR,22,Nordic Finland,,165,20171213,2017-12-13,-1,,2019-10-12,294,Nordic OLD Unsecured loan,14,4837.0,5,2024-03-14,2026-05-14,1,Active
146,8,001086190012,49,EUR,22,Nordic Finland,,166,20171229,2017-12-29,-1,,2019-10-12,294,Nordic OLD Unsecured loan,14,56265.0,5,2024-03-14,2024-04-14,1,Active
147,8,001086190012,49,EUR,22,Nordic Finland,,166,20171229,2017-12-29,-1,,2019-10-12,294,Nordic OLD Unsecured loan,14,56265.0,5,2024-03-14,2024-04-14,1,Active
148,8,001086820014,49,EUR,22,Nordic Finland,,174,20171218,2017-12-18,-1,,2019-10-12,294,Nordic OLD Unsecured loan,14,29696.0,0,2024-03-14,2024-07-14,1,Active
149,8,001086820014,49,EUR,22,Nordic Finland,,165,20171218,2017-12-18,-1,,2019-10-12,294,Nordic OLD Unsecured loan,14,29696.0,0,2024-03-14,2024-07-14,1,Active
150,8,001087560056,49,EUR,22,Nordic Finland,27,173,20181219,2018-12-19,-1,,2019-10-12,294,Nordic OLD Unsecured loan,14,1686.0,5,2024-03-14,2029-03-14,1,Active
151,8,001088210057,49,EUR,22,Nordic Finland,,167,20181221,2018-12-21,-1,,2019-10-12,294,Nordic OLD Unsecured loan,14,22824.0,5,2024-03-14,2029-08-14,1,Active
152,8,001088210057,49,EUR,22,Nordic Finland,,167,20181221,2018-12-21,-1,,2019-10-12,294,Nordic OLD Unsecured loan,14,22824.0,5,2024-03-14,2029-08-14,1,Active
153,8,001088360019,49,EUR,22,Nordic Finland,,165,20171222,2017-12-22,20230308,2023-03-08,2019-10-12,294,Nordic OLD Unsecured loan,14,22175.0,5,2024-03-14,2033-01-14,0,Cancelled
154,8,001088360019,49,EUR,22,Nordic Finland,,165,20171222,2017-12-22,20230308,2023-03-08,2019-10-12,294,Nordic OLD Unsecured loan,14,22175.0,5,2024-03-14,2033-01-14,0,Cancelled
155,8,001089280018,49,EUR,22,Nordic Finland,27,173,20180103,2018-01-03,-1,,2019-10-12,294,Nordic OLD Unsecured loan,14,17426.0,5,2024-03-14,2033-09-14,1,Active
156,8,001090000017,49,EUR,22,Nordic Finland,,166,20180112,2018-01-12,-1,,2019-10-12,294,Nordic OLD Unsecured loan,14,19374.0,0,2024-03-14,2023-11-14,1,Active
157,8,001090000017,49,EUR,22,Nordic Finland,,175,20180112,2018-01-12,-1,,2019-10-12,294,Nordic OLD Unsecured loan,14,19374.0,0,2024-03-14,2023-11-14,1,Active
158,8,001090090018,49,EUR,22,Nordic Finland,,165,20171228,2017-12-28,20211030,2021-10-30,2019-10-12,294,Nordic OLD Unsecured loan,14,30641.0,5,2024-03-14,2031-07-14,0,Cancelled
159,8,001090090018,49,EUR,22,Nordic Finland,,165,20171228,2017-12-28,20211030,2021-10-30,2019-10-12,294,Nordic OLD Unsecured loan,14,30641.0,5,2024-03-14,2031-07-14,0,Cancelled
160,8,001090600014,49,EUR,22,Nordic Finland,,165,20171229,2017-12-29,-1,,2019-10-12,294,Nordic OLD Unsecured loan,14,29592.0,5,2024-03-14,2026-04-14,1,Active
161,8,001090600014,49,EUR,22,Nordic Finland,,165,20171229,2017-12-29,-1,,2019-10-12,294,Nordic OLD Unsecured loan,14,29592.0,5,2024-03-14,2026-04-14,1,Active
162,8,001090680057,49,EUR,22,Nordic Finland,27,173,20181005,2018-10-05,-1,,2019-10-12,294,Nordic OLD Unsecured loan,14,50094.0,5,2024-03-14,2035-12-14,1,Active
163,8,001091310019,49,EUR,22,Nordic Finland,,169,20180104,2018-01-04,-1,,2019-10-12,294,Nordic OLD Unsecured loan,14,38984.0,0,2024-03-14,2024-11-14,1,Active
164,8,001091310019,49,EUR,22,Nordic Finland,,178,20180104,2018-01-04,-1,,2019-10-12,294,Nordic OLD Unsecured loan,14,38984.0,0,2024-03-14,2024-11-14,1,Active
165,8,001091380012,49,EUR,22,Nordic Finland,,175,20180608,2018-06-08,20231101,2023-11-01,2019-10-12,294,Nordic OLD Unsecured loan,14,37176.0,5,2024-03-14,2028-05-14,0,Cancelled
166,8,001091380012,49,EUR,22,Nordic Finland,,166,20180608,2018-06-08,20231101,2023-11-01,2019-10-12,294,Nordic OLD Unsecured loan,14,37176.0,5,2024-03-14,2028-05-14,0,Cancelled
167,8,001092070018,49,EUR,22,Nordic Finland,,165,20180109,2018-01-09,20200827,2020-08-27,2019-10-12,294,Nordic OLD Unsecured loan,14,1069.0,5,2024-03-14,2032-09-14,0,Cancelled
168,8,001092070018,49,EUR,22,Nordic Finland,,165,20180109,2018-01-09,20200827,2020-08-27,2019-10-12,294,Nordic OLD Unsecured loan,14,1069.0,5,2024-03-14,2032-09-14,0,Cancelled
169,8,001092130051,49,EUR,22,Nordic Finland,27,173,20180416,2018-04-16,20200617,2020-06-17,2019-10-12,294,Nordic OLD Unsecured loan,14,502.0,5,2024-03-14,2023-01-14,0,Cancelled
170,8,001092930013,49,EUR,22,Nordic Finland,,168,20180105,2018-01-05,-1,,2019-10-12,294,Nordic OLD Unsecured loan,14,27927.0,5,2024-03-14,2034-01-14,1,Active
171,8,001092930013,49,EUR,22,Nordic Finland,,168,20180105,2018-01-05,-1,,2019-10-12,294,Nordic OLD Unsecured loan,14,27927.0,5,2024-03-14,2034-01-14,1,Active
172,8,001093900015,49,EUR,22,Nordic Finland,,176,20180112,2018-01-12,-1,,2019-10-12,294,Nordic OLD Unsecured loan,14,37061.0,5,2024-03-14,2025-10-14,1,Active
173,8,001093900015,49,EUR,22,Nordic Finland,,167,20180112,2018-01-12,-1,,2019-10-12,294,Nordic OLD Unsecured loan,14,37061.0,5,2024-03-14,2025-10-14,1,Active
174,8,001093970018,49,EUR,22,Nordic Finland,,165,20180110,2018-01-10,20211211,2021-12-11,2019-10-12,294,Nordic OLD Unsecured loan,14,19812.0,5,2024-03-14,2033-07-14,0,Cancelled
175,8,001093970018,49,EUR,22,Nordic Finland,,174,20180110,2018-01-10,20211211,2021-12-11,2019-10-12,294,Nordic OLD Unsecured loan,14,19812.0,5,2024-03-14,2033-07-14,0,Cancelled
176,8,001094690011,49,EUR,22,Nordic Finland,,165,20180110,2018-01-10,-1,,2019-10-12,294,Nordic OLD Unsecured loan,14,61753.0,5,2024-03-14,2034-02-14,1,Active
177,8,001094690011,49,EUR,22,Nordic Finland,,165,20180110,2018-01-10,-1,,2019-10-12,294,Nordic OLD Unsecured loan,14,61753.0,5,2024-03-14,2034-02-14,1,Active
178,8,001095780019,49,EUR,22,Nordic Finland,,166,20180115,2018-01-15,-1,,2019-10-12,294,Nordic OLD Unsecured loan,14,26083.0,5,2024-03-14,2034-02-14,1,Active
179,8,001095780019,49,EUR,22,Nordic Finland,,166,20180115,2018-01-15,-1,,2019-10-12,294,Nordic OLD Unsecured loan,14,26083.0,5,2024-03-14,2034-02-14,1,Active
180,8,001095890099,49,EUR,22,Nordic Finland,,165,20180725,2018-07-25,-1,,2019-10-12,294,Nordic OLD Unsecured loan,14,19025.0,5,2024-03-14,2028-10-14,1,Active
181,8,001095890099,49,EUR,22,Nordic Finland,,174,20180725,2018-07-25,-1,,2019-10-12,294,Nordic OLD Unsecured loan,14,19025.0,5,2024-03-14,2028-10-14,1,Active
182,8,001096570013,49,EUR,22,Nordic Finland,28,173,20180116,2018-01-16,-1,,2019-10-12,294,Nordic OLD Unsecured loan,14,21783.0,5,2024-03-14,2027-10-14,1,Active
183,8,001096770019,49,EUR,40,Nordic Finland,27,173,20180117,2018-01-17,-1,,2019-10-12,344,NF1 CL Unsecured loan,14,58331.0,5,2024-03-14,2034-03-14,1,Active
184,8,001097430019,49,EUR,22,Nordic Finland,27,173,20180117,2018-01-17,-1,,2019-10-12,294,Nordic OLD Unsecured loan,14,11663.0,5,2024-03-14,2034-01-14,1,Active
185,8,001097470015,49,EUR,22,Nordic Finland,27,173,20180119,2018-01-19,20220630,2022-06-30,2019-10-12,294,Nordic OLD Unsecured loan,14,27865.0,5,2024-03-14,2028-11-14,0,Cancelled
186,8,001098050014,49,EUR,22,Nordic Finland,,165,20180118,2018-01-18,20220512,2022-05-12,2019-10-12,294,Nordic OLD Unsecured loan,14,17078.0,5,2024-03-14,2035-08-14,0,Cancelled
187,8,001098050014,49,EUR,22,Nordic Finland,,165,20180118,2018-01-18,20220512,2022-05-12,2019-10-12,294,Nordic OLD Unsecured loan,14,17078.0,5,2024-03-14,2035-08-14,0,Cancelled
188,8,001098280017,49,EUR,22,Nordic Finland,28,173,20180117,2018-01-17,-1,,2019-10-12,294,Nordic OLD Unsecured loan,14,58026.0,5,2024-03-14,2034-10-14,1,Active
189,8,001099770016,49,EUR,22,Nordic Finland,27,173,20180124,2018-01-24,-1,,2019-10-12,294,Nordic OLD Unsecured loan,14,8902.0,0,2024-03-14,2022-01-14,1,Active
190,8,001099950014,49,EUR,22,Nordic Finland,27,173,20180130,2018-01-30,-1,,2019-10-12,294,Nordic OLD Unsecured loan,14,31346.0,5,2024-03-14,2030-01-14,1,Active
191,8,001100900016,49,EUR,22,Nordic Finland,,166,20180212,2018-02-12,-1,,2019-10-12,294,Nordic OLD Unsecured loan,14,34491.0,5,2024-03-14,2030-04-14,1,Active
192,8,001100900016,49,EUR,22,Nordic Finland,,175,20180212,2018-02-12,-1,,2019-10-12,294,Nordic OLD Unsecured loan,14,34491.0,5,2024-03-14,2030-04-14,1,Active
193,8,001101440053,49,EUR,22,Nordic Finland,,166,20180717,2018-07-17,-1,,2019-10-12,294,Nordic OLD Unsecured loan,14,43063.0,5,2024-03-14,2035-07-14,1,Active
194,8,001101440053,49,EUR,22,Nordic Finland,,166,20180717,2018-07-17,-1,,2019-10-12,294,Nordic OLD Unsecured loan,14,43063.0,5,2024-03-14,2035-07-14,1,Active
195,8,001102250014,49,EUR,22,Nordic Finland,,167,20180202,2018-02-02,-1,,2019-10-12,294,Nordic OLD Unsecured loan,14,23333.0,5,2024-03-14,2024-09-14,1,Active
196,8,001102250014,49,EUR,22,Nordic Finland,,167,20180202,2018-02-02,-1,,2019-10-12,294,Nordic OLD Unsecured loan,14,23333.0,5,2024-03-14,2024-09-14,1,Active
197,8,001102320015,49,EUR,22,Nordic Finland,,178,20180126,2018-01-26,20211228,2021-12-28,2019-10-12,294,Nordic OLD Unsecured loan,14,21186.0,5,2024-03-14,2026-10-14,0,Cancelled
198,8,001102320015,49,EUR,22,Nordic Finland,,169,20180126,2018-01-26,20211228,2021-12-28,2019-10-12,294,Nordic OLD Unsecured loan,14,21186.0,5,2024-03-14,2026-10-14,0,Cancelled
199,8,001103010011,49,EUR,22,Nordic Finland,31,173,20180129,2018-01-29,20200806,2020-08-06,2019-10-12,294,Nordic OLD Unsecured loan,14,28398.0,5,2024-03-14,2029-07-14,0,Cancelled
200,8,001103620017,49,EUR,22,Nordic Finland,,169,20180130,2018-01-30,-1,,2019-10-12,294,Nordic OLD Unsecured loan,14,31513.0,0,2024-03-14,2024-11-14,1,Active
201,8,001103620017,49,EUR,22,Nordic Finland,,169,20180130,2018-01-30,-1,,2019-10-12,294,Nordic OLD Unsecured loan,14,31513.0,0,2024-03-14,2024-11-14,1,Active
202,8,001104580053,49,EUR,22,Nordic Finland,29,173,20180201,2018-02-01,20230308,2023-03-08,2019-10-12,294,Nordic OLD Unsecured loan,14,1781.0,5,2024-03-14,2021-02-14,0,Cancelled
203,8,001104970015,49,EUR,22,Nordic Finland,27,173,20180201,2018-02-01,20191130,2019-11-30,2019-10-12,294,Nordic OLD Unsecured loan,14,14625.0,5,2024-03-14,2021-01-14,0,Cancelled
204,8,001107390013,49,EUR,22,Nordic Finland,,167,20180208,2018-02-08,-1,,2019-10-12,294,Nordic OLD Unsecured loan,14,41828.0,5,2024-03-14,2033-05-14,1,Active
205,8,001107390013,49,EUR,22,Nordic Finland,,176,20180208,2018-02-08,-1,,2019-10-12,294,Nordic OLD Unsecured loan,14,41828.0,5,2024-03-14,2033-05-14,1,Active
206,8,001111090013,49,EUR,22,Nordic Finland,27,173,20180215,2018-02-15,-1,,2019-10-12,294,Nordic OLD Unsecured loan,14,29385.0,5,2024-03-14,2034-08-14,1,Active
207,8,001111550016,49,EUR,22,Nordic Finland,,165,20180213,2018-02-13,20210630,2021-06-30,2019-10-12,294,Nordic OLD Unsecured loan,14,23551.0,5,2024-03-14,2033-10-14,0,Cancelled
208,8,001111550016,49,EUR,22,Nordic Finland,,174,20180213,2018-02-13,20210630,2021-06-30,2019-10-12,294,Nordic OLD Unsecured loan,14,23551.0,5,2024-03-14,2033-10-14,0,Cancelled
209,8,001113400012,49,EUR,22,Nordic Finland,27,173,20180215,2018-02-15,20230308,2023-03-08,2019-10-12,294,Nordic OLD Unsecured loan,14,26204.0,5,2024-03-14,2029-12-14,0,Cancelled
210,8,001113870057,49,EUR,22,Nordic Finland,27,173,20180221,2018-02-21,-1,,2019-10-12,294,Nordic OLD Unsecured loan,14,24715.0,0,2024-03-14,2024-12-14,1,Active
211,8,001114380015,49,EUR,22,Nordic Finland,27,173,20180216,2018-02-16,20211105,2021-11-05,2019-10-12,294,Nordic OLD Unsecured loan,14,23483.0,5,2024-03-14,2022-12-14,0,Cancelled
212,8,001115150052,49,EUR,22,Nordic Finland,,166,20190311,2019-03-11,20210902,2021-09-02,2019-10-12,294,Nordic OLD Unsecured loan,14,3345.0,5,2024-03-14,2021-11-14,0,Cancelled
213,8,001115150052,49,EUR,22,Nordic Finland,,166,20190311,2019-03-11,20210902,2021-09-02,2019-10-12,294,Nordic OLD Unsecured loan,14,3345.0,5,2024-03-14,2021-11-14,0,Cancelled
214,8,001115600056,49,EUR,22,Nordic Finland,,167,20180430,2018-04-30,-1,,2019-10-12,294,Nordic OLD Unsecured loan,14,37336.0,0,2024-03-14,2026-02-14,1,Active
215,8,001115600056,49,EUR,22,Nordic Finland,,176,20180430,2018-04-30,-1,,2019-10-12,294,Nordic OLD Unsecured loan,14,37336.0,0,2024-03-14,2026-02-14,1,Active
216,8,001115710012,49,EUR,22,Nordic Finland,,175,20180219,2018-02-19,-1,,2019-10-12,294,Nordic OLD Unsecured loan,14,28724.0,5,2024-03-14,2028-10-14,1,Active
217,8,001115710012,49,EUR,22,Nordic Finland,,166,20180219,2018-02-19,-1,,2019-10-12,294,Nordic OLD Unsecured loan,14,28724.0,5,2024-03-14,2028-10-14,1,Active
218,8,001117060010,49,EUR,22,Nordic Finland,,165,20180220,2018-02-20,20230526,2023-05-26,2019-10-12,294,Nordic OLD Unsecured loan,14,10804.0,5,2024-03-14,2064-12-14,0,Cancelled
219,8,001117060010,49,EUR,22,Nordic Finland,,165,20180220,2018-02-20,20230526,2023-05-26,2019-10-12,294,Nordic OLD Unsecured loan,14,10804.0,5,2024-03-14,2064-12-14,0,Cancelled
220,8,001117890010,49,EUR,22,Nordic Finland,31,173,20180221,2018-02-21,-1,,2019-10-12,294,Nordic OLD Unsecured loan,14,26591.0,5,2024-03-14,2027-12-14,1,Active
221,8,001118040011,49,EUR,22,Nordic Finland,27,173,20180228,2018-02-28,-1,,2019-10-12,294,Nordic OLD Unsecured loan,14,36386.0,5,2024-03-14,2030-06-14,1,Active
222,8,001118790011,49,EUR,22,Nordic Finland,,167,20180221,2018-02-21,-1,,2019-10-12,294,Nordic OLD Unsecured loan,14,46902.0,5,2024-03-14,2028-10-14,1,Active
223,8,001118790011,49,EUR,22,Nordic Finland,,176,20180221,2018-02-21,-1,,2019-10-12,294,Nordic OLD Unsecured loan,14,46902.0,5,2024-03-14,2028-10-14,1,Active
224,8,001119470019,49,EUR,22,Nordic Finland,,174,20180228,2018-02-28,-1,,2019-10-12,294,Nordic OLD Unsecured loan,14,37455.0,0,2024-03-14,2022-06-14,1,Active
225,8,001119470019,49,EUR,22,Nordic Finland,,165,20180228,2018-02-28,-1,,2019-10-12,294,Nordic OLD Unsecured loan,14,37455.0,0,2024-03-14,2022-06-14,1,Active
226,8,001119600052,49,EUR,22,Nordic Finland,27,173,20190430,2019-04-30,20230308,2023-03-08,2019-10-12,294,Nordic OLD Unsecured loan,14,37373.0,5,2024-03-14,2033-01-14,0,Cancelled
227,8,001120330012,49,EUR,22,Nordic Finland,28,173,20180305,2018-03-05,20221015,2022-10-15,2019-10-12,294,Nordic OLD Unsecured loan,14,32784.0,5,2024-03-14,,0,Cancelled
228,8,001120500051,49,EUR,22,Nordic Finland,,166,20190823,2019-08-23,20230523,2023-05-23,2019-10-12,294,Nordic OLD Unsecured loan,14,7202.0,5,2024-03-14,2023-05-14,0,Cancelled
229,8,001120500051,49,EUR,22,Nordic Finland,,166,20190823,2019-08-23,20230523,2023-05-23,2019-10-12,294,Nordic OLD Unsecured loan,14,7202.0,5,2024-03-14,2023-05-14,0,Cancelled
230,8,001121160012,49,EUR,22,Nordic Finland,,176,20180307,2018-03-07,20201208,2020-12-08,2019-10-12,294,Nordic OLD Unsecured loan,14,19031.0,5,2024-03-14,2033-12-14,0,Cancelled
231,8,001121160012,49,EUR,22,Nordic Finland,,167,20180307,2018-03-07,20201208,2020-12-08,2019-10-12,294,Nordic OLD Unsecured loan,14,19031.0,5,2024-03-14,2033-12-14,0,Cancelled
232,8,001121790016,49,EUR,22,Nordic Finland,27,173,20180305,2018-03-05,20191029,2019-10-29,2019-10-12,294,Nordic OLD Unsecured loan,14,28508.0,5,2024-03-14,2030-03-14,0,Cancelled
233,8,001121840019,49,EUR,22,Nordic Finland,,166,20180305,2018-03-05,-1,,2019-10-12,294,Nordic OLD Unsecured loan,14,17.0,0,2024-03-14,2019-12-14,1,Active
234,8,001121840019,49,EUR,22,Nordic Finland,,166,20180305,2018-03-05,-1,,2019-10-12,294,Nordic OLD Unsecured loan,14,17.0,0,2024-03-14,2019-12-14,1,Active
235,8,001122430018,49,EUR,22,Nordic Finland,,166,20180302,2018-03-02,20210401,2021-04-01,2019-10-12,294,Nordic OLD Unsecured loan,14,33024.0,5,2024-03-14,2033-03-14,0,Cancelled
236,8,001122430018,49,EUR,22,Nordic Finland,,166,20180302,2018-03-02,20210401,2021-04-01,2019-10-12,294,Nordic OLD Unsecured loan,14,33024.0,5,2024-03-14,2033-03-14,0,Cancelled
237,8,001123000018,49,EUR,22,Nordic Finland,27,173,20180228,2018-02-28,-1,,2019-10-12,294,Nordic OLD Unsecured loan,14,49146.0,5,2024-03-14,2031-10-14,1,Active
238,8,001123050013,49,EUR,22,Nordic Finland,28,173,20180301,2018-03-01,20201007,2020-10-07,2019-10-12,294,Nordic OLD Unsecured loan,14,28486.0,5,2024-03-14,2033-06-14,0,Cancelled
239,8,001123610014,49,EUR,22,Nordic Finland,27,173,20180326,2018-03-26,-1,,2019-10-12,294,Nordic OLD Unsecured loan,14,5971.0,5,2024-03-14,2026-11-14,1,Active
240,8,001124230010,49,EUR,22,Nordic Finland,28,173,20180306,2018-03-06,20230308,2023-03-08,2019-10-12,294,Nordic OLD Unsecured loan,14,29228.0,5,2024-03-14,2030-05-14,0,Cancelled
241,8,001124760057,49,EUR,22,Nordic Finland,,167,20190712,2019-07-12,20200214,2020-02-14,2019-10-12,294,Nordic OLD Unsecured loan,14,2833.0,5,2024-03-14,2030-02-14,0,Cancelled
242,8,001124760057,49,EUR,22,Nordic Finland,,176,20190712,2019-07-12,20200214,2020-02-14,2019-10-12,294,Nordic OLD Unsecured loan,14,2833.0,5,2024-03-14,2030-02-14,0,Cancelled
243,8,001124860014,49,EUR,22,Nordic Finland,,167,20180405,2018-04-05,-1,,2019-10-12,294,Nordic OLD Unsecured loan,14,42092.0,5,2024-03-14,2033-01-14,1,Active
244,8,001124860014,49,EUR,22,Nordic Finland,,167,20180405,2018-04-05,-1,,2019-10-12,294,Nordic OLD Unsecured loan,14,42092.0,5,2024-03-14,2033-01-14,1,Active
245,8,001125600013,49,EUR,22,Nordic Finland,28,173,20180307,2018-03-07,-1,,2019-10-12,294,Nordic OLD Unsecured loan,14,22219.0,0,2024-03-14,2020-09-14,1,Active
246,8,001125670099,49,EUR,22,Nordic Finland,27,173,20190122,2019-01-22,20200303,2020-03-03,2019-10-12,294,Nordic OLD Unsecured loan,14,30039.0,5,2024-03-14,2029-02-14,0,Cancelled
247,8,001126020013,49,EUR,22,Nordic Finland,27,173,20180316,2018-03-16,20220101,2022-01-01,2019-10-12,294,Nordic OLD Unsecured loan,14,2283.0,5,2024-03-14,2025-04-14,0,Cancelled
248,8,001126070059,49,EUR,22,Nordic Finland,27,173,20190305,2019-03-05,-1,,2019-10-12,294,Nordic OLD Unsecured loan,14,38932.0,5,2024-03-14,2032-04-14,1,Active
249,8,001126610011,49,EUR,22,Nordic Finland,27,173,20180316,2018-03-16,-1,,2019-10-12,294,Nordic OLD Unsecured loan,14,17006.0,5,2024-03-14,2022-06-14,1,Active
250,8,001127290011,49,EUR,22,Nordic Finland,,166,20180312,2018-03-12,-1,,2019-10-12,294,Nordic OLD Unsecured loan,14,26016.0,5,2024-03-14,2033-07-14,1,Active
251,8,001127290011,49,EUR,22,Nordic Finland,,166,20180312,2018-03-12,-1,,2019-10-12,294,Nordic OLD Unsecured loan,14,26016.0,5,2024-03-14,2033-07-14,1,Active
252,8,001127360012,49,EUR,22,Nordic Finland,,166,20180309,2018-03-09,-1,,2019-10-12,294,Nordic OLD Unsecured loan,14,7054.0,0,2024-03-14,2019-10-15,1,Active
253,8,001127360012,49,EUR,22,Nordic Finland,,166,20180309,2018-03-09,-1,,2019-10-12,294,Nordic OLD Unsecured loan,14,7054.0,0,2024-03-14,2019-10-15,1,Active
254,8,001127730016,49,EUR,22,Nordic Finland,,165,20180309,2018-03-09,20220715,2022-07-15,2019-10-12,294,Nordic OLD Unsecured loan,14,32958.0,5,2024-03-14,2023-02-14,0,Cancelled
255,8,001127730016,49,EUR,22,Nordic Finland,,165,20180309,2018-03-09,20220715,2022-07-15,2019-10-12,294,Nordic OLD Unsecured loan,14,32958.0,5,2024-03-14,2023-02-14,0,Cancelled
256,8,001127840013,49,EUR,22,Nordic Finland,27,173,20180316,2018-03-16,20210512,2021-05-12,2019-10-12,294,Nordic OLD Unsecured loan,14,16014.0,5,2024-03-14,2023-05-14,0,Cancelled
257,8,001128570015,49,EUR,22,Nordic Finland,29,173,20180320,2018-03-20,-1,,2019-10-12,294,Nordic OLD Unsecured loan,14,37463.0,5,2024-03-14,2031-05-14,1,Active
258,8,001128630017,49,EUR,22,Nordic Finland,27,173,20180319,2018-03-19,20191127,2019-11-27,2019-10-12,294,Nordic OLD Unsecured loan,14,53071.0,5,2024-03-14,2023-07-14,0,Cancelled
259,8,001129460018,49,EUR,22,Nordic Finland,27,173,20180321,2018-03-21,20211123,2021-11-23,2019-10-12,294,Nordic OLD Unsecured loan,14,24479.0,5,2024-03-14,2023-07-14,0,Cancelled
260,8,001129490015,49,EUR,22,Nordic Finland,27,173,20180315,2018-03-15,-1,,2019-10-12,294,Nordic OLD Unsecured loan,14,36633.0,0,2024-03-14,2025-04-14,1,Active
261,8,001129940019,49,EUR,22,Nordic Finland,,167,20180316,2018-03-16,-1,,2019-10-12,294,Nordic OLD Unsecured loan,14,20198.0,5,2024-03-14,2033-05-14,1,Active
262,8,001129940019,49,EUR,22,Nordic Finland,,167,20180316,2018-03-16,-1,,2019-10-12,294,Nordic OLD Unsecured loan,14,20198.0,5,2024-03-14,2033-05-14,1,Active
263,8,001130440017,49,EUR,22,Nordic Finland,27,173,20180315,2018-03-15,-1,,2019-10-12,294,Nordic OLD Unsecured loan,14,42834.0,5,2024-03-14,2034-12-14,1,Active
264,8,001130510017,49,EUR,22,Nordic Finland,,169,20180316,2018-03-16,20220326,2022-03-26,2019-10-12,294,Nordic OLD Unsecured loan,14,979.0,5,2024-03-14,2022-12-14,0,Cancelled
265,8,001130510017,49,EUR,22,Nordic Finland,,178,20180316,2018-03-16,20220326,2022-03-26,2019-10-12,294,Nordic OLD Unsecured loan,14,979.0,5,2024-03-14,2022-12-14,0,Cancelled
266,8,001130900010,49,EUR,22,Nordic Finland,,174,20180316,2018-03-16,-1,,2019-10-12,294,Nordic OLD Unsecured loan,14,23492.0,0,2024-03-14,2024-09-14,1,Active
267,8,001130900010,49,EUR,22,Nordic Finland,,165,20180316,2018-03-16,-1,,2019-10-12,294,Nordic OLD Unsecured loan,14,23492.0,0,2024-03-14,2024-09-14,1,Active
268,8,001131440057,49,EUR,22,Nordic Finland,27,173,20180514,2018-05-14,20200626,2020-06-26,2019-10-12,294,Nordic OLD Unsecured loan,14,34211.0,0,2024-03-14,2023-06-14,0,Cancelled
269,8,001131530014,49,EUR,22,Nordic Finland,27,173,20180321,2018-03-21,-1,,2019-10-12,294,Nordic OLD Unsecured loan,14,6329.0,5,2024-03-14,2033-07-14,1,Active
270,8,001132080050,49,EUR,22,Nordic Finland,,168,20180619,2018-06-19,20231229,2023-12-29,2019-10-12,294,Nordic OLD Unsecured loan,14,21281.0,5,2024-03-14,,0,Cancelled
271,8,001132080050,49,EUR,22,Nordic Finland,,168,20180619,2018-06-19,20231229,2023-12-29,2019-10-12,294,Nordic OLD Unsecured loan,14,21281.0,5,2024-03-14,,0,Cancelled
272,8,001132430016,49,EUR,22,Nordic Finland,27,173,20180328,2018-03-28,-1,,2019-10-12,294,Nordic OLD Unsecured loan,14,71384.0,0,2024-03-14,2020-11-14,1,Active
273,8,001133050094,49,EUR,22,Nordic Finland,,165,20190204,2019-02-04,20220201,2022-02-01,2019-10-12,294,Nordic OLD Unsecured loan,14,33212.0,5,2024-03-14,2032-02-14,0,Cancelled
274,8,001133050094,49,EUR,22,Nordic Finland,,174,20190204,2019-02-04,20220201,2022-02-01,2019-10-12,294,Nordic OLD Unsecured loan,14,33212.0,5,2024-03-14,2032-02-14,0,Cancelled
275,8,001133710010,49,EUR,22,Nordic Finland,27,173,20180322,2018-03-22,-1,,2019-10-12,294,Nordic OLD Unsecured loan,14,10584.0,5,2024-03-14,2024-03-14,1,Active
276,8,001135870010,49,EUR,22,Nordic Finland,,166,20180322,2018-03-22,-1,,2019-10-12,294,Nordic OLD Unsecured loan,14,30212.0,0,2024-03-14,2023-08-14,1,Active
277,8,001135870010,49,EUR,22,Nordic Finland,,166,20180322,2018-03-22,-1,,2019-10-12,294,Nordic OLD Unsecured loan,14,30212.0,0,2024-03-14,2023-08-14,1,Active
278,8,001136390018,49,EUR,22,Nordic Finland,27,173,20180412,2018-04-12,20230308,2023-03-08,2019-10-12,294,Nordic OLD Unsecured loan,14,6789.0,5,2024-03-14,2021-10-14,0,Cancelled
279,8,001139660011,49,EUR,22,Nordic Finland,27,173,20180404,2018-04-04,-1,,2019-10-12,294,Nordic OLD Unsecured loan,14,15799.0,5,2024-03-14,2024-11-14,1,Active
280,8,001140160019,49,EUR,22,Nordic Finland,,176,20180406,2018-04-06,20200115,2020-01-15,2019-10-12,294,Nordic OLD Unsecured loan,14,15063.0,5,2024-03-14,2024-05-14,0,Cancelled
281,8,001140160019,49,EUR,22,Nordic Finland,,167,20180406,2018-04-06,20200115,2020-01-15,2019-10-12,294,Nordic OLD Unsecured loan,14,15063.0,5,2024-03-14,2024-05-14,0,Cancelled
282,8,001141830016,49,EUR,22,Nordic Finland,,166,20180413,2018-04-13,-1,,2019-10-12,294,Nordic OLD Unsecured loan,14,146.0,5,2024-03-14,2026-05-14,1,Active
283,8,001141830016,49,EUR,22,Nordic Finland,,175,20180413,2018-04-13,-1,,2019-10-12,294,Nordic OLD Unsecured loan,14,146.0,5,2024-03-14,2026-05-14,1,Active
284,8,001144800057,49,EUR,22,Nordic Finland,27,173,20190506,2019-05-06,20210630,2021-06-30,2019-10-12,294,Nordic OLD Unsecured loan,14,42073.0,5,2024-03-14,,0,Cancelled
285,8,001144860010,49,EUR,22,Nordic Finland,,167,20180411,2018-04-11,20191029,2019-10-29,2019-10-12,294,Nordic OLD Unsecured loan,14,62579.0,5,2024-03-14,2019-10-15,0,Cancelled
286,8,001144860010,49,EUR,22,Nordic Finland,,167,20180411,2018-04-11,20191029,2019-10-29,2019-10-12,294,Nordic OLD Unsecured loan,14,62579.0,5,2024-03-14,2019-10-15,0,Cancelled
287,8,001145630016,49,EUR,22,Nordic Finland,27,173,20180416,2018-04-16,20231003,2023-10-03,2019-10-12,294,Nordic OLD Unsecured loan,14,1212.0,5,2024-03-14,2023-10-14,0,Cancelled
288,8,001146380017,49,EUR,22,Nordic Finland,,166,20180411,2018-04-11,20210729,2021-07-29,2019-10-12,294,Nordic OLD Unsecured loan,14,20297.0,5,2024-03-14,2028-04-14,0,Cancelled
289,8,001146380017,49,EUR,22,Nordic Finland,,166,20180411,2018-04-11,20210729,2021-07-29,2019-10-12,294,Nordic OLD Unsecured loan,14,20297.0,5,2024-03-14,2028-04-14,0,Cancelled
290,8,001146820012,49,EUR,22,Nordic Finland,,166,20180417,2018-04-17,20200125,2020-01-25,2019-10-12,294,Nordic OLD Unsecured loan,14,11445.0,5,2024-03-14,2021-05-14,0,Cancelled
291,8,001146820012,49,EUR,22,Nordic Finland,,175,20180417,2018-04-17,20200125,2020-01-25,2019-10-12,294,Nordic OLD Unsecured loan,14,11445.0,5,2024-03-14,2021-05-14,0,Cancelled
292,8,001146920010,49,EUR,22,Nordic Finland,27,173,20180413,2018-04-13,20200901,2020-09-01,2019-10-12,294,Nordic OLD Unsecured loan,14,15519.0,5,2024-03-14,2025-02-14,0,Cancelled
293,8,001147620015,49,EUR,22,Nordic Finland,,169,20180416,2018-04-16,20200116,2020-01-16,2019-10-12,294,Nordic OLD Unsecured loan,14,29193.0,5,2024-03-14,2030-04-14,0,Cancelled
294,8,001147620015,49,EUR,22,Nordic Finland,,169,20180416,2018-04-16,20200116,2020-01-16,2019-10-12,294,Nordic OLD Unsecured loan,14,29193.0,5,2024-03-14,2030-04-14,0,Cancelled
295,8,001148110016,49,EUR,22,Nordic Finland,27,173,20180416,2018-04-16,20230308,2023-03-08,2019-10-12,294,Nordic OLD Unsecured loan,14,33747.0,5,2024-03-14,2024-11-14,0,Cancelled
296,8,001148190018,49,EUR,22,Nordic Finland,,166,20180417,2018-04-17,-1,,2019-10-12,294,Nordic OLD Unsecured loan,14,13615.0,0,2024-03-14,2026-03-14,1,Active
297,8,001148190018,49,EUR,22,Nordic Finland,,166,20180417,2018-04-17,-1,,2019-10-12,294,Nordic OLD Unsecured loan,14,13615.0,0,2024-03-14,2026-03-14,1,Active
298,8,001148730052,49,EUR,22,Nordic Finland,,170,20190603,2019-06-03,20200214,2020-02-14,2019-10-12,294,Nordic OLD Unsecured loan,14,51322.0,5,2024-03-14,2023-12-14,0,Cancelled
299,8,001148730052,49,EUR,22,Nordic Finland,,179,20190603,2019-06-03,20200214,2020-02-14,2019-10-12,294,Nordic OLD Unsecured loan,14,51322.0,5,2024-03-14,2023-12-14,0,Cancelled
300,8,001149450015,49,EUR,22,Nordic Finland,,169,20180417,2018-04-17,-1,,2019-10-12,294,Nordic OLD Unsecured loan,14,32447.0,0,2024-03-14,2025-05-14,1,Active
301,8,001149450015,49,EUR,22,Nordic Finland,,169,20180417,2018-04-17,-1,,2019-10-12,294,Nordic OLD Unsecured loan,14,32447.0,0,2024-03-14,2025-05-14,1,Active
302,8,001149900019,49,EUR,22,Nordic Finland,27,173,20180424,2018-04-24,20200514,2020-05-14,2019-10-12,294,Nordic OLD Unsecured loan,14,36542.0,5,2024-03-14,2034-08-14,0,Cancelled
303,8,001150060059,49,EUR,22,Nordic Finland,,170,20181107,2018-11-07,20191127,2019-11-27,2019-10-12,294,Nordic OLD Unsecured loan,14,18697.0,5,2024-03-14,2033-09-14,0,Cancelled
304,8,001150060059,49,EUR,22,Nordic Finland,,170,20181107,2018-11-07,20191127,2019-11-27,2019-10-12,294,Nordic OLD Unsecured loan,14,18697.0,5,2024-03-14,2033-09-14,0,Cancelled
305,8,001151120050,49,EUR,22,Nordic Finland,,169,20190211,2019-02-11,20230308,2023-03-08,2019-10-12,294,Nordic OLD Unsecured loan,14,38158.0,5,2024-03-14,2029-07-14,0,Cancelled
306,8,001151120050,49,EUR,22,Nordic Finland,,169,20190211,2019-02-11,20230308,2023-03-08,2019-10-12,294,Nordic OLD Unsecured loan,14,38158.0,5,2024-03-14,2029-07-14,0,Cancelled
307,8,001151680012,49,EUR,22,Nordic Finland,,178,20180418,2018-04-18,-1,,2019-10-12,294,Nordic OLD Unsecured loan,14,31445.0,5,2024-03-14,2029-10-14,1,Active
308,8,001151680012,49,EUR,22,Nordic Finland,,169,20180418,2018-04-18,-1,,2019-10-12,294,Nordic OLD Unsecured loan,14,31445.0,5,2024-03-14,2029-10-14,1,Active
309,8,001153280019,49,EUR,22,Nordic Finland,27,173,20180423,2018-04-23,20200303,2020-03-03,2019-10-12,294,Nordic OLD Unsecured loan,14,47898.0,5,2024-03-14,2027-02-14,0,Cancelled
310,8,001153430010,49,EUR,22,Nordic Finland,27,173,20180424,2018-04-24,-1,,2019-10-12,294,Nordic OLD Unsecured loan,14,23798.0,5,2024-03-14,2028-06-14,1,Active
311,8,001153920010,49,EUR,22,Nordic Finland,27,173,20180424,2018-04-24,-1,,2019-10-12,294,Nordic OLD Unsecured loan,14,18517.0,0,2024-03-14,2024-10-14,1,Active
312,8,001153980014,49,EUR,22,Nordic Finland,27,173,20180424,2018-04-24,-1,,2019-10-12,294,Nordic OLD Unsecured loan,14,26305.0,5,2024-03-14,2029-07-14,1,Active
313,8,001154520058,49,EUR,22,Nordic Finland,,169,20180612,2018-06-12,-1,,2019-10-12,294,Nordic OLD Unsecured loan,14,50394.0,5,2024-03-14,2031-05-14,1,Active
314,8,001154520058,49,EUR,22,Nordic Finland,,169,20180612,2018-06-12,-1,,2019-10-12,294,Nordic OLD Unsecured loan,14,50394.0,5,2024-03-14,2031-05-14,1,Active
315,8,001155210014,49,EUR,22,Nordic Finland,27,173,20180425,2018-04-25,20211203,2021-12-03,2019-10-12,294,Nordic OLD Unsecured loan,14,3414.0,5,2024-03-14,2021-11-14,0,Cancelled
316,8,001156010017,49,EUR,22,Nordic Finland,,175,20180425,2018-04-25,20200908,2020-09-08,2019-10-12,294,Nordic OLD Unsecured loan,14,1791.0,5,2024-03-14,2021-05-14,0,Cancelled
317,8,001156010017,49,EUR,22,Nordic Finland,,166,20180425,2018-04-25,20200908,2020-09-08,2019-10-12,294,Nordic OLD Unsecured loan,14,1791.0,5,2024-03-14,2021-05-14,0,Cancelled
318,8,001156590018,49,EUR,22,Nordic Finland,29,173,20180426,2018-04-26,20191107,2019-11-07,2019-10-12,294,Nordic OLD Unsecured loan,14,22682.0,5,2024-03-14,2023-02-14,0,Cancelled
319,8,001157180017,49,EUR,22,Nordic Finland,27,173,20180514,2018-05-14,-1,,2019-10-12,294,Nordic OLD Unsecured loan,14,3203.0,5,2024-03-14,2025-04-14,1,Active
320,8,001157820018,49,EUR,22,Nordic Finland,,165,20180502,2018-05-02,20200217,2020-02-17,2019-10-12,294,Nordic OLD Unsecured loan,14,1482.0,5,2024-03-14,2036-09-14,0,Cancelled
321,8,001157820018,49,EUR,22,Nordic Finland,,165,20180502,2018-05-02,20200217,2020-02-17,2019-10-12,294,Nordic OLD Unsecured loan,14,1482.0,5,2024-03-14,2036-09-14,0,Cancelled
322,8,001158020014,49,EUR,22,Nordic Finland,27,173,20180427,2018-04-27,20231007,2023-10-07,2019-10-12,294,Nordic OLD Unsecured loan,14,15164.0,5,2024-03-14,2031-02-14,0,Cancelled
323,8,001158490019,49,EUR,22,Nordic Finland,,165,20180430,2018-04-30,20230308,2023-03-08,2019-10-12,294,Nordic OLD Unsecured loan,14,20312.0,5,2024-03-14,2034-08-14,0,Cancelled
324,8,001158490019,49,EUR,22,Nordic Finland,,174,20180430,2018-04-30,20230308,2023-03-08,2019-10-12,294,Nordic OLD Unsecured loan,14,20312.0,5,2024-03-14,2034-08-14,0,Cancelled
325,8,001158580017,49,EUR,22,Nordic Finland,27,173,20180503,2018-05-03,-1,,2019-10-12,294,Nordic OLD Unsecured loan,14,5643.0,5,2024-03-14,2025-02-14,1,Active
326,8,001159290012,49,EUR,22,Nordic Finland,27,173,20180502,2018-05-02,-1,,2019-10-12,294,Nordic OLD Unsecured loan,14,27024.0,5,2024-03-14,2033-01-14,1,Active
327,8,001159330016,49,EUR,22,Nordic Finland,,166,20180502,2018-05-02,20230118,2023-01-18,2019-10-12,294,Nordic OLD Unsecured loan,14,37509.0,5,2024-03-14,2033-05-14,0,Cancelled
328,8,001159330016,49,EUR,22,Nordic Finland,,166,20180502,2018-05-02,20230118,2023-01-18,2019-10-12,294,Nordic OLD Unsecured loan,14,37509.0,5,2024-03-14,2033-05-14,0,Cancelled
329,8,001160050017,49,EUR,22,Nordic Finland,,169,20180502,2018-05-02,20191029,2019-10-29,2019-10-12,294,Nordic OLD Unsecured loan,14,25735.0,5,2024-03-14,2019-10-15,0,Cancelled
330,8,001160050017,49,EUR,22,Nordic Finland,,169,20180502,2018-05-02,20191029,2019-10-29,2019-10-12,294,Nordic OLD Unsecured loan,14,25735.0,5,2024-03-14,2019-10-15,0,Cancelled
331,8,001161100019,49,EUR,22,Nordic Finland,,175,20180509,2018-05-09,20191121,2019-11-21,2019-10-12,294,Nordic OLD Unsecured loan,14,10989.0,5,2024-03-14,2021-05-14,0,Cancelled
332,8,001161100019,49,EUR,22,Nordic Finland,,166,20180509,2018-05-09,20191121,2019-11-21,2019-10-12,294,Nordic OLD Unsecured loan,14,10989.0,5,2024-03-14,2021-05-14,0,Cancelled
333,8,001161810013,49,EUR,22,Nordic Finland,,167,20180504,2018-05-04,-1,,2019-10-12,294,Nordic OLD Unsecured loan,14,14005.0,5,2024-03-14,2024-06-14,1,Active
334,8,001161810013,49,EUR,22,Nordic Finland,,176,20180504,2018-05-04,-1,,2019-10-12,294,Nordic OLD Unsecured loan,14,14005.0,5,2024-03-14,2024-06-14,1,Active
335,8,001161920010,49,EUR,22,Nordic Finland,27,173,20180511,2018-05-11,-1,,2019-10-12,294,Nordic OLD Unsecured loan,14,24941.0,0,2024-03-14,2024-04-14,1,Active
336,8,001162460016,49,EUR,22,Nordic Finland,27,173,20180507,2018-05-07,20230308,2023-03-08,2019-10-12,294,Nordic OLD Unsecured loan,14,35865.0,5,2024-03-14,2034-05-14,0,Cancelled
337,8,001162510018,49,EUR,22,Nordic Finland,,165,20180509,2018-05-09,20230627,2023-06-27,2019-10-12,294,Nordic OLD Unsecured loan,14,27477.0,5,2024-03-14,,0,Cancelled
338,8,001162510018,49,EUR,22,Nordic Finland,,165,20180509,2018-05-09,20230627,2023-06-27,2019-10-12,294,Nordic OLD Unsecured loan,14,27477.0,5,2024-03-14,,0,Cancelled
339,8,001163150012,49,EUR,22,Nordic Finland,,169,20180507,2018-05-07,-1,,2019-10-12,294,Nordic OLD Unsecured loan,14,13465.0,0,2024-03-14,2020-11-14,1,Active
340,8,001163150012,49,EUR,22,Nordic Finland,,178,20180507,2018-05-07,-1,,2019-10-12,294,Nordic OLD Unsecured loan,14,13465.0,0,2024-03-14,2020-11-14,1,Active
341,8,001164010058,49,EUR,22,Nordic Finland,27,173,20181113,2018-11-13,-1,,2019-10-12,294,Nordic OLD Unsecured loan,14,19956.0,5,2024-03-14,2035-05-14,1,Active
342,8,001165510015,49,EUR,22,Nordic Finland,27,173,20180514,2018-05-14,-1,,2019-10-12,294,Nordic OLD Unsecured loan,14,60655.0,5,2024-03-14,2035-04-14,1,Active
343,8,001166610012,49,EUR,22,Nordic Finland,,165,20180521,2018-05-21,-1,,2019-10-12,293,Nordic CL Unsecured loan,14,3293.0,5,2024-03-14,2034-04-14,1,Active
344,8,001166610012,49,EUR,22,Nordic Finland,,165,20180521,2018-05-21,-1,,2019-10-12,293,Nordic CL Unsecured loan,14,3293.0,5,2024-03-14,2034-04-14,1,Active
345,8,001167390010,49,EUR,22,Nordic Finland,27,173,20180523,2018-05-23,20200303,2020-03-03,2019-10-12,294,Nordic OLD Unsecured loan,14,19621.0,5,2024-03-14,2025-08-14,0,Cancelled
346,8,001170890014,49,EUR,22,Nordic Finland,29,173,20180522,2018-05-22,-1,,2019-10-12,294,Nordic OLD Unsecured loan,14,32512.0,5,2024-03-14,2030-12-14,1,Active
347,8,001173210012,49,EUR,22,Nordic Finland,27,173,20180528,2018-05-28,-1,,2019-10-12,294,Nordic OLD Unsecured loan,14,28188.0,5,2024-03-14,2031-06-14,1,Active
348,8,001173890011,49,EUR,22,Nordic Finland,,175,20180528,2018-05-28,20220129,2022-01-29,2019-10-12,294,Nordic OLD Unsecured loan,14,3407.0,5,2024-03-14,2022-06-14,0,Cancelled
349,8,001173890011,49,EUR,22,Nordic Finland,,166,20180528,2018-05-28,20220129,2022-01-29,2019-10-12,294,Nordic OLD Unsecured loan,14,3407.0,5,2024-03-14,2022-06-14,0,Cancelled
350,8,51100000000000,49,EUR,40,Nordic Finland,,169,20221213,2022-12-13,-1,,2022-12-13,344,NF1 CL Unsecured loan,14,18064.0,5,2024-03-14,2036-04-14,1,Active
351,8,51100000000000,49,EUR,40,Nordic Finland,,169,20221213,2022-12-13,-1,,2022-12-13,344,NF1 CL Unsecured loan,14,18064.0,5,2024-03-14,2036-04-14,1,Active
352,8,51100000000000,49,EUR,22,Nordic Finland,,170,20221213,2022-12-13,-1,,2022-12-13,293,Nordic CL Unsecured loan,14,3592.0,5,2024-03-14,2027-01-14,1,Active
353,8,51100000000000,49,EUR,22,Nordic Finland,,170,20221213,2022-12-13,-1,,2022-12-13,293,Nordic CL Unsecured loan,14,3592.0,5,2024-03-14,2027-01-14,1,Active
354,8,51100000000000,49,EUR,22,Nordic Finland,,170,20221213,2022-12-13,20230812,2023-08-12,2022-12-13,293,Nordic CL Unsecured loan,14,2367.0,2,2024-03-14,2027-03-14,0,Cancelled
355,8,51100000000000,49,EUR,22,Nordic Finland,,170,20221213,2022-12-13,20230812,2023-08-12,2022-12-13,293,Nordic CL Unsecured loan,14,2367.0,2,2024-03-14,2027-03-14,0,Cancelled
356,8,51100000000000,49,EUR,22,Nordic Finland,,176,20221214,2022-12-14,20230422,2023-04-22,2022-12-14,293,Nordic CL Unsecured loan,14,28342.0,5,2024-03-14,2038-08-14,0,Cancelled
357,8,51100000000000,49,EUR,22,Nordic Finland,,167,20221214,2022-12-14,20230422,2023-04-22,2022-12-14,293,Nordic CL Unsecured loan,14,28342.0,5,2024-03-14,2038-08-14,0,Cancelled
358,8,51100000000000,49,EUR,40,Nordic Finland,,188,20221214,2022-12-14,-1,,2022-12-14,344,NF1 CL Unsecured loan,14,8233.0,5,2024-03-14,2038-03-14,1,Active
359,8,51100000000000,49,EUR,22,Nordic Finland,,167,20221213,2022-12-13,20230914,2023-09-14,2022-12-13,293,Nordic CL Unsecured loan,14,12554.0,"8,9",2024-03-14,2026-01-14,0,Cancelled
360,8,51100000000000,49,EUR,22,Nordic Finland,,167,20221213,2022-12-13,20230914,2023-09-14,2022-12-13,293,Nordic CL Unsecured loan,14,12554.0,"8,9",2024-03-14,2026-01-14,0,Cancelled
361,8,51100000000000,49,EUR,22,Nordic Finland,,173,20221214,2022-12-14,-1,,2022-12-14,293,Nordic CL Unsecured loan,14,13056.0,5,2024-03-14,2038-11-14,1,Active
362,8,51100000000000,49,EUR,40,Nordic Finland,,169,20221214,2022-12-14,-1,,2022-12-14,344,NF1 CL Unsecured loan,14,37654.0,5,2024-03-14,2029-03-14,1,Active
363,8,51100000000000,49,EUR,40,Nordic Finland,,169,20221214,2022-12-14,-1,,2022-12-14,344,NF1 CL Unsecured loan,14,37654.0,5,2024-03-14,2029-03-14,1,Active
364,8,51100000000000,49,EUR,22,Nordic Finland,,166,20221213,2022-12-13,20230331,2023-03-31,2022-12-13,293,Nordic CL Unsecured loan,14,6647.0,8,2024-03-14,2029-01-14,0,Cancelled
365,8,51100000000000,49,EUR,22,Nordic Finland,,175,20221213,2022-12-13,20230331,2023-03-31,2022-12-13,293,Nordic CL Unsecured loan,14,6647.0,8,2024-03-14,2029-01-14,0,Cancelled
366,8,51100000000000,49,EUR,22,Nordic Finland,,170,20221214,2022-12-14,-1,,2022-12-14,293,Nordic CL Unsecured loan,14,17523.0,5,2024-03-14,2027-06-14,1,Active
367,8,51100000000000,49,EUR,22,Nordic Finland,,179,20221214,2022-12-14,-1,,2022-12-14,293,Nordic CL Unsecured loan,14,17523.0,5,2024-03-14,2027-06-14,1,Active
368,8,51100000000000,49,EUR,22,Nordic Finland,,173,20221214,2022-12-14,-1,,2022-12-14,293,Nordic CL Unsecured loan,14,4476.0,5,2024-03-14,2031-07-14,1,Active
369,8,51100000000000,49,EUR,22,Nordic Finland,,166,20221214,2022-12-14,-1,,2022-12-14,293,Nordic CL Unsecured loan,14,9301.0,5,2024-03-14,2025-02-14,1,Active
370,8,51100000000000,49,EUR,22,Nordic Finland,,166,20221214,2022-12-14,-1,,2022-12-14,293,Nordic CL Unsecured loan,14,9301.0,5,2024-03-14,2025-02-14,1,Active
371,8,51100000000000,49,EUR,22,Nordic Finland,,167,20221214,2022-12-14,-1,,2022-12-14,293,Nordic CL Unsecured loan,14,1664.0,5,2024-03-14,2025-08-14,1,Active
372,8,51100000000000,49,EUR,22,Nordic Finland,,167,20221214,2022-12-14,-1,,2022-12-14,293,Nordic CL Unsecured loan,14,1664.0,5,2024-03-14,2025-08-14,1,Active
373,8,51100000000000,49,EUR,40,Nordic Finland,,173,20221216,2022-12-16,-1,,2022-12-16,344,NF1 CL Unsecured loan,14,11864.0,5,2024-03-14,2030-12-14,1,Active
374,8,51100000000000,49,EUR,22,Nordic Finland,,170,20221219,2022-12-19,-1,,2022-12-19,293,Nordic CL Unsecured loan,14,12193.0,5,2024-03-14,2028-01-14,1,Active
375,8,51100000000000,49,EUR,22,Nordic Finland,,179,20221219,2022-12-19,-1,,2022-12-19,293,Nordic CL Unsecured loan,14,12193.0,5,2024-03-14,2028-01-14,1,Active
376,8,51100000000000,49,EUR,40,Nordic Finland,,170,20221214,2022-12-14,-1,,2022-12-14,344,NF1 CL Unsecured loan,14,69202.0,5,2024-03-14,2033-04-14,1,Active
377,8,51100000000000,49,EUR,40,Nordic Finland,,170,20221214,2022-12-14,-1,,2022-12-14,344,NF1 CL Unsecured loan,14,69202.0,5,2024-03-14,2033-04-14,1,Active
378,8,51100000000000,49,EUR,22,Nordic Finland,,173,20221214,2022-12-14,20230503,2023-05-03,2022-12-14,293,Nordic CL Unsecured loan,14,4971.0,5,2024-03-14,2023-04-14,0,Cancelled
379,8,51100000000000,49,EUR,22,Nordic Finland,,167,20221214,2022-12-14,20231010,2023-10-10,2022-12-14,293,Nordic CL Unsecured loan,14,8565.0,6,2024-03-14,2026-02-14,0,Cancelled
380,8,51100000000000,49,EUR,22,Nordic Finland,,167,20221214,2022-12-14,20231010,2023-10-10,2022-12-14,293,Nordic CL Unsecured loan,14,8565.0,6,2024-03-14,2026-02-14,0,Cancelled
381,8,51100000000000,49,EUR,22,Nordic Finland,,174,20221214,2022-12-14,20230301,2023-03-01,2022-12-14,293,Nordic CL Unsecured loan,14,5012.0,2,2024-03-14,2024-12-14,0,Cancelled
382,8,51100000000000,49,EUR,22,Nordic Finland,,165,20221214,2022-12-14,20230301,2023-03-01,2022-12-14,293,Nordic CL Unsecured loan,14,5012.0,2,2024-03-14,2024-12-14,0,Cancelled
383,8,51100000000000,49,EUR,40,Nordic Finland,,173,20221216,2022-12-16,-1,,2022-12-16,344,NF1 CL Unsecured loan,14,8072.0,8,2024-03-14,2028-12-14,1,Active
384,8,51100000000000,49,EUR,22,Nordic Finland,,188,20221216,2022-12-16,20230418,2023-04-18,2022-12-16,293,Nordic CL Unsecured loan,14,13923.0,5,2024-03-14,2023-04-14,0,Cancelled
385,8,51100000000000,49,EUR,22,Nordic Finland,,170,20221216,2022-12-16,20230503,2023-05-03,2022-12-16,293,Nordic CL Unsecured loan,14,63716.0,5,2024-03-14,,0,Cancelled
386,8,51100000000000,49,EUR,22,Nordic Finland,,170,20221216,2022-12-16,20230503,2023-05-03,2022-12-16,293,Nordic CL Unsecured loan,14,63716.0,5,2024-03-14,,0,Cancelled
387,8,51100000000000,49,EUR,22,Nordic Finland,,185,20221216,2022-12-16,20240116,2024-01-16,2022-12-16,293,Nordic CL Unsecured loan,14,24842.0,5,2024-03-14,2037-12-14,0,Cancelled
388,8,51100000000000,49,EUR,22,Nordic Finland,,169,20221221,2022-12-21,-1,,2022-12-21,293,Nordic CL Unsecured loan,14,26303.0,5,2024-03-14,2038-02-14,1,Active
389,8,51100000000000,49,EUR,22,Nordic Finland,,169,20221221,2022-12-21,-1,,2022-12-21,293,Nordic CL Unsecured loan,14,26303.0,5,2024-03-14,2038-02-14,1,Active
390,8,51100000000000,49,EUR,22,Nordic Finland,,178,20221216,2022-12-16,-1,,2022-12-16,293,Nordic CL Unsecured loan,14,34493.0,5,2024-03-14,2037-12-14,1,Active
391,8,51100000000000,49,EUR,22,Nordic Finland,,169,20221216,2022-12-16,-1,,2022-12-16,293,Nordic CL Unsecured loan,14,34493.0,5,2024-03-14,2037-12-14,1,Active
392,8,51100000000000,49,EUR,22,Nordic Finland,,173,20221217,2022-12-17,-1,,2022-12-17,293,Nordic CL Unsecured loan,14,22318.0,5,2024-03-14,2036-12-14,1,Active
393,8,51100000000000,49,EUR,40,Nordic Finland,,173,20221219,2022-12-19,-1,,2022-12-19,344,NF1 CL Unsecured loan,14,39834.0,5,2024-03-14,2036-03-14,1,Active
394,8,51100000000000,49,EUR,22,Nordic Finland,,188,20221219,2022-12-19,-1,,2022-12-19,293,Nordic CL Unsecured loan,14,16186.0,5,2024-03-14,2032-12-14,1,Active
395,8,51100000000000,49,EUR,22,Nordic Finland,,168,20221216,2022-12-16,20230829,2023-08-29,2022-12-16,293,Nordic CL Unsecured loan,14,22254.0,5,2024-03-14,,0,Cancelled
396,8,51100000000000,49,EUR,22,Nordic Finland,,168,20221216,2022-12-16,20230829,2023-08-29,2022-12-16,293,Nordic CL Unsecured loan,14,22254.0,5,2024-03-14,,0,Cancelled
397,8,51100000000000,49,EUR,22,Nordic Finland,,173,20221219,2022-12-19,-1,,2022-12-19,293,Nordic CL Unsecured loan,14,31264.0,5,2024-03-14,2036-05-14,1,Active
398,8,51100000000000,49,EUR,40,Nordic Finland,,170,20221219,2022-12-19,-1,,2022-12-19,344,NF1 CL Unsecured loan,14,8457.0,8,2024-03-14,2027-12-14,1,Active
399,8,51100000000000,49,EUR,40,Nordic Finland,,179,20221219,2022-12-19,-1,,2022-12-19,344,NF1 CL Unsecured loan,14,8457.0,8,2024-03-14,2027-12-14,1,Active
400,8,51100000000000,49,EUR,40,Nordic Finland,,173,20221220,2022-12-20,-1,,2022-12-20,344,NF1 CL Unsecured loan,14,18064.0,5,2024-03-14,2031-10-14,1,Active
401,8,51100000000000,49,EUR,22,Nordic Finland,,169,20221220,2022-12-20,20230111,2023-01-11,2022-12-20,293,Nordic CL Unsecured loan,14,44589.0,5,2024-03-14,2037-12-14,0,Cancelled
402,8,51100000000000,49,EUR,22,Nordic Finland,,169,20221220,2022-12-20,20230111,2023-01-11,2022-12-20,293,Nordic CL Unsecured loan,14,44589.0,5,2024-03-14,2037-12-14,0,Cancelled
403,8,51100000000000,49,EUR,40,Nordic Finland,,170,20221221,2022-12-21,-1,,2022-12-21,344,NF1 CL Unsecured loan,14,63673.0,5,2024-03-14,2037-11-14,1,Active
404,8,51100000000000,49,EUR,40,Nordic Finland,,170,20221221,2022-12-21,-1,,2022-12-21,344,NF1 CL Unsecured loan,14,63673.0,5,2024-03-14,2037-11-14,1,Active
405,8,51100000000000,49,EUR,22,Nordic Finland,,173,20221219,2022-12-19,-1,,2022-12-19,293,Nordic CL Unsecured loan,14,4308.0,2,2024-03-14,2025-01-14,1,Active
406,8,51100000000000,49,EUR,22,Nordic Finland,,166,20221220,2022-12-20,20231219,2023-12-19,2022-12-20,293,Nordic CL Unsecured loan,14,48419.0,5,2024-03-14,,0,Cancelled
407,8,51100000000000,49,EUR,22,Nordic Finland,,175,20221220,2022-12-20,20231219,2023-12-19,2022-12-20,293,Nordic CL Unsecured loan,14,48419.0,5,2024-03-14,,0,Cancelled
408,8,51100000000000,49,EUR,22,Nordic Finland,,173,20221219,2022-12-19,20230616,2023-06-16,2022-12-19,293,Nordic CL Unsecured loan,14,1184.0,2,2024-03-14,2025-04-14,0,Cancelled
409,8,51100000000000,49,EUR,22,Nordic Finland,,169,20221220,2022-12-20,-1,,2022-12-20,293,Nordic CL Unsecured loan,14,5798.0,5,2024-03-14,2027-12-14,1,Active
410,8,51100000000000,49,EUR,22,Nordic Finland,,169,20221220,2022-12-20,-1,,2022-12-20,293,Nordic CL Unsecured loan,14,5798.0,5,2024-03-14,2027-12-14,1,Active
411,8,51100000000000,49,EUR,22,Nordic Finland,,169,20221220,2022-12-20,-1,,2022-12-20,293,Nordic CL Unsecured loan,14,35676.0,5,2024-03-14,2042-10-14,1,Active
412,8,51100000000000,49,EUR,22,Nordic Finland,,169,20221220,2022-12-20,-1,,2022-12-20,293,Nordic CL Unsecured loan,14,35676.0,5,2024-03-14,2042-10-14,1,Active
413,8,51100000000000,49,EUR,22,Nordic Finland,,173,20221220,2022-12-20,-1,,2022-12-20,293,Nordic CL Unsecured loan,14,4961.0,2,2024-03-14,2024-12-14,1,Active
414,8,51100000000000,49,EUR,40,Nordic Finland,,173,20221220,2022-12-20,20240228,2024-02-28,2022-12-20,344,NF1 CL Unsecured loan,14,34756.0,5,2024-03-14,,0,Cancelled
415,8,51100000000000,49,EUR,22,Nordic Finland,,173,20221220,2022-12-20,20230704,2023-07-04,2022-12-20,293,Nordic CL Unsecured loan,14,7645.0,8,2024-03-14,,0,Cancelled
416,8,51100000000000,49,EUR,22,Nordic Finland,,178,20221222,2022-12-22,-1,,2022-12-22,293,Nordic CL Unsecured loan,14,15367.0,5,2024-03-14,2043-04-14,1,Active
417,8,51100000000000,49,EUR,22,Nordic Finland,,169,20221222,2022-12-22,-1,,2022-12-22,293,Nordic CL Unsecured loan,14,15367.0,5,2024-03-14,2043-04-14,1,Active
418,8,51100000000000,49,EUR,40,Nordic Finland,,173,20221221,2022-12-21,-1,,2022-12-21,344,NF1 CL Unsecured loan,14,21512.0,5,2024-03-14,,1,Active
419,8,51100000000000,49,EUR,40,Nordic Finland,,167,20221221,2022-12-21,-1,,2022-12-21,344,NF1 CL Unsecured loan,14,23102.0,5,2024-03-14,2031-02-14,1,Active
420,8,51100000000000,49,EUR,40,Nordic Finland,,167,20221221,2022-12-21,-1,,2022-12-21,344,NF1 CL Unsecured loan,14,23102.0,5,2024-03-14,2031-02-14,1,Active
421,8,51100000000000,49,EUR,22,Nordic Finland,,165,20221222,2022-12-22,-1,,2022-12-22,293,Nordic CL Unsecured loan,14,38392.0,5,2024-03-14,2038-12-14,1,Active
422,8,51100000000000,49,EUR,22,Nordic Finland,,165,20221222,2022-12-22,-1,,2022-12-22,293,Nordic CL Unsecured loan,14,38392.0,5,2024-03-14,2038-12-14,1,Active
423,8,51100000000000,49,EUR,22,Nordic Finland,,170,20221222,2022-12-22,-1,,2022-12-22,293,Nordic CL Unsecured loan,14,7232.0,3,2024-03-14,2025-01-14,1,Active
424,8,51100000000000,49,EUR,22,Nordic Finland,,179,20221222,2022-12-22,-1,,2022-12-22,293,Nordic CL Unsecured loan,14,7232.0,3,2024-03-14,2025-01-14,1,Active
425,8,51100000000000,49,EUR,22,Nordic Finland,,167,20221230,2022-12-30,-1,,2022-12-30,293,Nordic CL Unsecured loan,14,14972.0,5,2024-03-14,2030-05-14,1,Active
426,8,51100000000000,49,EUR,22,Nordic Finland,,176,20221230,2022-12-30,-1,,2022-12-30,293,Nordic CL Unsecured loan,14,14972.0,5,2024-03-14,2030-05-14,1,Active
427,8,51100000000000,49,EUR,40,Nordic Finland,,167,20221222,2022-12-22,-1,,2022-12-22,344,NF1 CL Unsecured loan,14,48351.0,5,2024-03-14,2028-01-14,1,Active
428,8,51100000000000,49,EUR,40,Nordic Finland,,167,20221222,2022-12-22,-1,,2022-12-22,344,NF1 CL Unsecured loan,14,48351.0,5,2024-03-14,2028-01-14,1,Active
429,8,51100000000000,49,EUR,22,Nordic Finland,,167,20221222,2022-12-22,-1,,2022-12-22,293,Nordic CL Unsecured loan,14,21222.0,5,2024-03-14,2033-01-14,1,Active
430,8,51100000000000,49,EUR,22,Nordic Finland,,167,20221222,2022-12-22,-1,,2022-12-22,293,Nordic CL Unsecured loan,14,21222.0,5,2024-03-14,2033-01-14,1,Active
431,8,51100000000000,49,EUR,22,Nordic Finland,,170,20221223,2022-12-23,-1,,2022-12-23,293,Nordic CL Unsecured loan,14,7282.0,5,2024-03-14,2026-05-14,1,Active
432,8,51100000000000,49,EUR,22,Nordic Finland,,179,20221223,2022-12-23,-1,,2022-12-23,293,Nordic CL Unsecured loan,14,7282.0,5,2024-03-14,2026-05-14,1,Active
433,8,51100000000000,49,EUR,40,Nordic Finland,,173,20221223,2022-12-23,-1,,2022-12-23,344,NF1 CL Unsecured loan,14,24034.0,5,2024-03-14,2035-03-14,1,Active
434,8,51100000000000,49,EUR,22,Nordic Finland,,165,20221223,2022-12-23,-1,,2022-12-23,293,Nordic CL Unsecured loan,14,2656.0,2,2024-03-14,2027-03-14,1,Active
435,8,51100000000000,49,EUR,22,Nordic Finland,,165,20221223,2022-12-23,-1,,2022-12-23,293,Nordic CL Unsecured loan,14,2656.0,2,2024-03-14,2027-03-14,1,Active
436,8,51100000000000,49,EUR,40,Nordic Finland,,169,20221230,2022-12-30,-1,,2022-12-30,344,NF1 CL Unsecured loan,14,44509.0,5,2024-03-14,2034-12-14,1,Active
437,8,51100000000000,49,EUR,40,Nordic Finland,,169,20221230,2022-12-30,-1,,2022-12-30,344,NF1 CL Unsecured loan,14,44509.0,5,2024-03-14,2034-12-14,1,Active
438,8,51100000000000,49,EUR,22,Nordic Finland,,188,20221223,2022-12-23,-1,,2022-12-23,293,Nordic CL Unsecured loan,14,63305.0,5,2024-03-14,2038-03-14,1,Active
439,8,51100000000000,49,EUR,22,Nordic Finland,,167,20221227,2022-12-27,20231024,2023-10-24,2022-12-27,293,Nordic CL Unsecured loan,14,7367.0,8,2024-03-14,2029-03-14,0,Cancelled
440,8,51100000000000,49,EUR,22,Nordic Finland,,176,20221227,2022-12-27,20231024,2023-10-24,2022-12-27,293,Nordic CL Unsecured loan,14,7367.0,8,2024-03-14,2029-03-14,0,Cancelled
441,8,51100000000000,49,EUR,22,Nordic Finland,,178,20221227,2022-12-27,-1,,2022-12-27,293,Nordic CL Unsecured loan,14,18082.0,5,2024-03-14,2038-02-14,1,Active
442,8,51100000000000,49,EUR,22,Nordic Finland,,169,20221227,2022-12-27,-1,,2022-12-27,293,Nordic CL Unsecured loan,14,18082.0,5,2024-03-14,2038-02-14,1,Active
443,8,51100000000000,49,EUR,22,Nordic Finland,,169,20221227,2022-12-27,20240128,2024-01-28,2022-12-27,293,Nordic CL Unsecured loan,14,5773.0,3,2024-03-14,2025-12-14,0,Cancelled
444,8,51100000000000,49,EUR,22,Nordic Finland,,169,20221227,2022-12-27,20240128,2024-01-28,2022-12-27,293,Nordic CL Unsecured loan,14,5773.0,3,2024-03-14,2025-12-14,0,Cancelled
445,8,51100000000000,49,EUR,22,Nordic Finland,,170,20221227,2022-12-27,-1,,2022-12-27,293,Nordic CL Unsecured loan,14,8135.0,5,2024-03-14,2038-03-14,1,Active
446,8,51100000000000,49,EUR,22,Nordic Finland,,170,20221227,2022-12-27,-1,,2022-12-27,293,Nordic CL Unsecured loan,14,8135.0,5,2024-03-14,2038-03-14,1,Active
447,8,51100000000000,49,EUR,40,Nordic Finland,,167,20221228,2022-12-28,-1,,2022-12-28,344,NF1 CL Unsecured loan,14,2722.0,5,2024-03-14,2033-01-14,1,Active
448,8,51100000000000,49,EUR,40,Nordic Finland,,167,20221228,2022-12-28,-1,,2022-12-28,344,NF1 CL Unsecured loan,14,2722.0,5,2024-03-14,2033-01-14,1,Active
449,8,51100000000000,49,EUR,22,Nordic Finland,,188,20221227,2022-12-27,20230310,2023-03-10,2022-12-27,293,Nordic CL Unsecured loan,14,6853.0,5,2024-03-14,2035-04-14,0,Cancelled
450,8,51100000000000,49,EUR,22,Nordic Finland,,186,20221227,2022-12-27,-1,,2022-12-27,293,Nordic CL Unsecured loan,14,15526.0,5,2024-03-14,2038-03-14,1,Active
451,8,51100000000000,49,EUR,40,Nordic Finland,,188,20221227,2022-12-27,-1,,2022-12-27,344,NF1 CL Unsecured loan,14,20749.0,5,2024-03-14,2031-01-14,1,Active
452,8,51100000000000,49,EUR,40,Nordic Finland,,187,20221228,2022-12-28,-1,,2022-12-28,344,NF1 CL Unsecured loan,14,39424.0,5,2024-03-14,2031-11-14,1,Active
453,8,51100000000000,49,EUR,22,Nordic Finland,,167,20221228,2022-12-28,20230825,2023-08-25,2022-12-28,293,Nordic CL Unsecured loan,14,33715.0,5,2024-03-14,2029-12-14,0,Cancelled
454,8,51100000000000,49,EUR,22,Nordic Finland,,167,20221228,2022-12-28,20230825,2023-08-25,2022-12-28,293,Nordic CL Unsecured loan,14,33715.0,5,2024-03-14,2029-12-14,0,Cancelled
455,8,51100000000000,49,EUR,40,Nordic Finland,,169,20221227,2022-12-27,-1,,2022-12-27,344,NF1 CL Unsecured loan,14,15333.0,5,2024-03-14,2026-10-14,1,Active
456,8,51100000000000,49,EUR,40,Nordic Finland,,169,20221227,2022-12-27,-1,,2022-12-27,344,NF1 CL Unsecured loan,14,15333.0,5,2024-03-14,2026-10-14,1,Active
457,8,51100000000000,49,EUR,40,Nordic Finland,,173,20221228,2022-12-28,-1,,2022-12-28,344,NF1 CL Unsecured loan,14,77841.0,5,2024-03-14,2037-12-14,1,Active
458,8,51100000000000,49,EUR,22,Nordic Finland,,179,20221227,2022-12-27,20230303,2023-03-03,2022-12-27,293,Nordic CL Unsecured loan,14,10981.0,5,2024-03-14,2036-08-14,0,Cancelled
459,8,51100000000000,49,EUR,22,Nordic Finland,,170,20221227,2022-12-27,20230303,2023-03-03,2022-12-27,293,Nordic CL Unsecured loan,14,10981.0,5,2024-03-14,2036-08-14,0,Cancelled
460,8,51100000000000,49,EUR,22,Nordic Finland,,169,20221227,2022-12-27,-1,,2022-12-27,293,Nordic CL Unsecured loan,14,47791.0,5,2024-03-14,2038-06-14,1,Active
461,8,51100000000000,49,EUR,22,Nordic Finland,,169,20221227,2022-12-27,-1,,2022-12-27,293,Nordic CL Unsecured loan,14,47791.0,5,2024-03-14,2038-06-14,1,Active
462,8,51100000000000,49,EUR,40,Nordic Finland,,171,20221230,2022-12-30,-1,,2022-12-30,344,NF1 CL Unsecured loan,14,6138.0,5,2024-03-14,2038-09-14,1,Active
463,8,51100000000000,49,EUR,40,Nordic Finland,,171,20221230,2022-12-30,-1,,2022-12-30,344,NF1 CL Unsecured loan,14,6138.0,5,2024-03-14,2038-09-14,1,Active
464,8,51100000000000,49,EUR,40,Nordic Finland,,167,20221228,2022-12-28,-1,,2022-12-28,344,NF1 CL Unsecured loan,14,47612.0,5,2024-03-14,2027-01-14,1,Active
465,8,51100000000000,49,EUR,40,Nordic Finland,,176,20221228,2022-12-28,-1,,2022-12-28,344,NF1 CL Unsecured loan,14,47612.0,5,2024-03-14,2027-01-14,1,Active
466,8,51100000000000,49,EUR,22,Nordic Finland,,173,20230104,2023-01-04,-1,,2023-01-04,293,Nordic CL Unsecured loan,14,28912.0,5,2024-03-14,2037-06-14,1,Active
467,8,51100000000000,49,EUR,22,Nordic Finland,,170,20221229,2022-12-29,20230311,2023-03-11,2022-12-29,293,Nordic CL Unsecured loan,14,14774.0,5,2024-03-14,2037-12-14,0,Cancelled
468,8,51100000000000,49,EUR,22,Nordic Finland,,170,20221229,2022-12-29,20230311,2023-03-11,2022-12-29,293,Nordic CL Unsecured loan,14,14774.0,5,2024-03-14,2037-12-14,0,Cancelled
469,8,51100000000000,49,EUR,22,Nordic Finland,,170,20221229,2022-12-29,20230210,2023-02-10,2022-12-29,293,Nordic CL Unsecured loan,14,80873.0,5,2024-03-14,2024-12-14,0,Cancelled
470,8,51100000000000,49,EUR,22,Nordic Finland,,170,20221229,2022-12-29,20230210,2023-02-10,2022-12-29,293,Nordic CL Unsecured loan,14,80873.0,5,2024-03-14,2024-12-14,0,Cancelled
471,8,51100000000000,49,EUR,40,Nordic Finland,,169,20230103,2023-01-03,20240228,2024-02-28,2023-01-03,344,NF1 CL Unsecured loan,14,15552.0,5,2024-03-14,2028-04-14,0,Cancelled
472,8,51100000000000,49,EUR,40,Nordic Finland,,169,20230103,2023-01-03,20240228,2024-02-28,2023-01-03,344,NF1 CL Unsecured loan,14,15552.0,5,2024-03-14,2028-04-14,0,Cancelled
473,8,51100000000000,49,EUR,40,Nordic Finland,,168,20221230,2022-12-30,-1,,2022-12-30,344,NF1 CL Unsecured loan,14,13997.0,5,2024-03-14,2032-12-14,1,Active
474,8,51100000000000,49,EUR,40,Nordic Finland,,177,20221230,2022-12-30,-1,,2022-12-30,344,NF1 CL Unsecured loan,14,13997.0,5,2024-03-14,2032-12-14,1,Active
475,8,51100000000000,49,EUR,22,Nordic Finland,,176,20221230,2022-12-30,-1,,2022-12-30,293,Nordic CL Unsecured loan,14,1285.0,5,2024-03-14,2035-06-14,1,Active
476,8,51100000000000,49,EUR,22,Nordic Finland,,167,20221230,2022-12-30,-1,,2022-12-30,293,Nordic CL Unsecured loan,14,1285.0,5,2024-03-14,2035-06-14,1,Active
477,8,51100000000000,49,EUR,40,Nordic Finland,,166,20230102,2023-01-02,-1,,2023-01-02,344,NF1 CL Unsecured loan,14,30152.0,5,2024-03-14,2029-02-14,1,Active
478,8,51100000000000,49,EUR,40,Nordic Finland,,166,20230102,2023-01-02,-1,,2023-01-02,344,NF1 CL Unsecured loan,14,30152.0,5,2024-03-14,2029-02-14,1,Active
479,8,51100000000000,49,EUR,22,Nordic Finland,,166,20221230,2022-12-30,-1,,2022-12-30,293,Nordic CL Unsecured loan,14,4448.0,5,2024-03-14,2037-04-14,1,Active
480,8,51100000000000,49,EUR,22,Nordic Finland,,166,20221230,2022-12-30,-1,,2022-12-30,293,Nordic CL Unsecured loan,14,4448.0,5,2024-03-14,2037-04-14,1,Active
481,8,51100000000000,49,EUR,22,Nordic Finland,,169,20230102,2023-01-02,-1,,2023-01-02,293,Nordic CL Unsecured loan,14,6863.0,3,2024-03-14,2025-01-14,1,Active
482,8,51100000000000,49,EUR,22,Nordic Finland,,178,20230102,2023-01-02,-1,,2023-01-02,293,Nordic CL Unsecured loan,14,6863.0,3,2024-03-14,2025-01-14,1,Active
483,8,51100000000000,49,EUR,22,Nordic Finland,,179,20230102,2023-01-02,20230504,2023-05-04,2023-01-02,293,Nordic CL Unsecured loan,14,52089.0,5,2024-03-14,2037-12-14,0,Cancelled
484,8,51100000000000,49,EUR,22,Nordic Finland,,170,20230102,2023-01-02,20230504,2023-05-04,2023-01-02,293,Nordic CL Unsecured loan,14,52089.0,5,2024-03-14,2037-12-14,0,Cancelled
485,8,51100000000000,49,EUR,22,Nordic Finland,,167,20230102,2023-01-02,20230825,2023-08-25,2023-01-02,293,Nordic CL Unsecured loan,14,5378.0,5,2024-03-14,2027-12-14,0,Cancelled
486,8,51100000000000,49,EUR,22,Nordic Finland,,167,20230102,2023-01-02,20230825,2023-08-25,2023-01-02,293,Nordic CL Unsecured loan,14,5378.0,5,2024-03-14,2027-12-14,0,Cancelled
487,8,51100000000000,49,EUR,22,Nordic Finland,,170,20221229,2022-12-29,-1,,2022-12-29,293,Nordic CL Unsecured loan,14,4723.0,5,2024-03-14,,1,Active
488,8,51100000000000,49,EUR,22,Nordic Finland,,170,20221229,2022-12-29,-1,,2022-12-29,293,Nordic CL Unsecured loan,14,4723.0,5,2024-03-14,,1,Active
489,8,51100000000000,49,EUR,22,Nordic Finland,,168,20230103,2023-01-03,20230324,2023-03-24,2023-01-03,293,Nordic CL Unsecured loan,14,24575.0,5,2024-03-14,2029-12-14,0,Cancelled
490,8,51100000000000,49,EUR,22,Nordic Finland,,177,20230103,2023-01-03,20230324,2023-03-24,2023-01-03,293,Nordic CL Unsecured loan,14,24575.0,5,2024-03-14,2029-12-14,0,Cancelled
491,8,51100000000000,49,EUR,40,Nordic Finland,,169,20230103,2023-01-03,-1,,2023-01-03,344,NF1 CL Unsecured loan,14,25126.0,5,2024-03-14,2026-02-14,1,Active
492,8,51100000000000,49,EUR,40,Nordic Finland,,178,20230103,2023-01-03,-1,,2023-01-03,344,NF1 CL Unsecured loan,14,25126.0,5,2024-03-14,2026-02-14,1,Active
493,8,51100000000000,49,EUR,22,Nordic Finland,,170,20230113,2023-01-13,-1,,2023-01-13,293,Nordic CL Unsecured loan,14,7595.0,8,2024-03-14,2029-02-14,1,Active
494,8,51100000000000,49,EUR,22,Nordic Finland,,170,20230113,2023-01-13,-1,,2023-01-13,293,Nordic CL Unsecured loan,14,7595.0,8,2024-03-14,2029-02-14,1,Active
495,8,51100000000000,49,EUR,40,Nordic Finland,,169,20230103,2023-01-03,-1,,2023-01-03,344,NF1 CL Unsecured loan,14,23678.0,5,2024-03-14,2033-01-14,1,Active
496,8,51100000000000,49,EUR,40,Nordic Finland,,169,20230103,2023-01-03,-1,,2023-01-03,344,NF1 CL Unsecured loan,14,23678.0,5,2024-03-14,2033-01-14,1,Active
497,8,51100000000000,49,EUR,22,Nordic Finland,,170,20230103,2023-01-03,20230525,2023-05-25,2023-01-03,293,Nordic CL Unsecured loan,14,5692.0,5,2024-03-14,2026-12-14,0,Cancelled
498,8,51100000000000,49,EUR,22,Nordic Finland,,170,20230103,2023-01-03,20230525,2023-05-25,2023-01-03,293,Nordic CL Unsecured loan,14,5692.0,5,2024-03-14,2026-12-14,0,Cancelled
499,8,51100000000000,49,EUR,40,Nordic Finland,,179,20230103,2023-01-03,-1,,2023-01-03,344,NF1 CL Unsecured loan,14,61787.0,5,2024-03-14,2038-01-14,1,Active
