LoanAccountTransactionId,TransactionDateId,LoanAccountId,TransactionAmount,TransactionAmountSEK
988189,20230208,9,-43029.0,-48554569.0
988190,20230208,319,-608.0,-68607632.0
988191,20230208,368,-4596.0,-51861953.0
988192,20230208,426,-14117.0,-159298346.0
990210,20230404,6,-46886.0,-529068657.0
990211,20230404,11,-30233.0,-341153707.0
990212,20230404,14,-56022.0,-632160651.0
990213,20230404,17,-5638.0,-63620038.0
990214,20230404,17,-2819.0,-318100189.0
990215,20230404,19,-50021.0,-564444467.0
990216,20230404,22,-74564.0,-841391361.0
990217,20230404,24,-3792.0,-42789497.0
990218,20230404,24,-39915.0,-450406847.0
990219,20230404,25,-6746.0,-76122876.0
990220,20230404,25,-7101.0,-801287492.0
990221,20230404,27,-46011.0,-519195026.0
990222,20230404,33,-48996.0,-552878213.0
990223,20230404,37,-38986.0,-439923872.0
990224,20230404,39,-32046.0,-361611871.0
990225,20230404,44,-30381.0,-342823761.0
990226,20230404,52,-4196.0,-47348293.0
990227,20230404,52,-44168.0,-498398337.0
990228,20230404,55,-6.0,-67705.0
990229,20230404,55,-38723.0,-43695614.0
990230,20230404,56,-3259.0,-36775045.0
990231,20230404,56,-34307.0,-387125334.0
990232,20230404,65,-2587.0,-29192096.0
990233,20230404,65,-26136.0,-294922544.0
990234,20230404,71,-3295.0,-37181274.0
990235,20230404,71,-3293.0,-37158706.0
990236,20230404,71,-5.0,-5642075.0
990237,20230404,71,-5.0,-5642075.0
990238,20230404,71,-5.0,-5642075.0
990239,20230404,71,-5.0,-5642075.0
990240,20230404,71,-33285.0,-375592933.0
990241,20230404,71,-33259.0,-375299545.0
990242,20230404,73,-8545.0,-96423062.0
990243,20230404,74,-45538.0,-513857623.0
990244,20230404,111,-19523.0,-22030046.0
990245,20230404,112,-633.0,-7142867.0
990246,20230404,112,-63138.0,-712458663.0
990247,20230404,117,-187541.0,-2116240775.0
990248,20230404,117,-43507.0,-490939514.0
990249,20230404,117,-43363.0,-489314596.0
990250,20230404,117,-43227.0,-487779952.0
990251,20230404,118,-35339.0,-398770577.0
990252,20230404,139,-2004.0,-22613437.0
990253,20230404,139,-19447.0,-219442865.0
990254,20230404,162,-47984.0,-541458654.0
990255,20230404,177,-55131.0,-622106474.0
990256,20230404,182,-5.0,-5642075.0
990257,20230404,182,-5.0,-5642075.0
990258,20230404,182,-5.0,-5642075.0
990259,20230404,182,-14413.0,-162638454.0
990260,20230404,182,-9923.0,-11197262.0
990261,20230404,182,-8591.0,-96942133.0
990262,20230404,182,-6413.0,-72365254.0
990263,20230404,182,-2148.0,-24238354.0
990264,20230404,194,-2815634.0,-317720364.0
990265,20230404,194,-39662.0,-447551957.0
990266,20230404,205,-38987.0,-439935156.0
990267,20230404,206,-26363.0,-297484046.0
990268,20230404,229,-7192.0,-81155607.0
990269,20230404,244,-7826.0,-88309758.0
990270,20230404,244,-39132.0,-441571358.0
990271,20230404,269,-59228.0,-668337636.0
990272,20230404,275,-2726.0,-30760593.0
990273,20230404,275,-27536.0,-310720354.0
990274,20230404,322,-15303.0,-172681347.0
990275,20230404,325,-8547.0,-9644563.0
990276,20230404,326,-2693.0,-30388216.0
990277,20230404,326,-903.0,-10189587.0
990278,20230404,326,-27204.0,-306974017.0
990279,20230404,338,-1512878.0,-1707154228.0
990280,20230404,338,-26055.0,-294008528.0
990281,20230404,342,-52334.0,-590544706.0
990282,20230404,344,-25354.0,-286098339.0
990283,20230404,355,-5.0,-5642075.0
990284,20230404,355,-9137.0,-103103279.0
990285,20230404,355,-8463.0,-95497761.0
990286,20230404,365,-5231.0,-59027389.0
990287,20230404,367,-18705.0,-211070026.0
990288,20230404,370,-9947.0,-11224344.0
990289,20230404,372,-24151.0,-272523507.0
990290,20230404,375,-12213.0,-137813324.0
990291,20230404,378,-9146.0,-103204836.0
990292,20230404,384,-13674.0,-154299467.0
990293,20230404,387,-4933.0,-55664712.0
990294,20230404,387,-24665.0,-27832356.0
990295,20230404,391,-6348.0,-71631784.0
990296,20230404,391,-31739.0,-358147637.0
990297,20230404,394,-15109.0,-170492222.0
990298,20230404,396,-21048.0,-237508789.0
990299,20230404,397,-795396.0,-8975367773.0
990300,20230404,397,-19535.0,-22043587.0
990301,20230404,400,-27798.0,-313676802.0
990302,20230404,405,-97635.0,-1101727985.0
990303,20230404,405,-5072.0,-57233209.0
990304,20230404,407,-48049.0,-542192123.0
990305,20230404,408,-1784.0,-20130924.0
990306,20230404,412,-34807.0,-392767409.0
990307,20230404,414,-21518.0,-24281234.0
990308,20230404,418,-21196.0,-239178843.0
990309,20230404,420,-21926.0,-247416273.0
990310,20230404,422,-35145.0,-396581452.0
990311,20230404,428,-32782.0,-369917005.0
990312,20230404,433,-1109.0,-125141224.0
990313,20230404,435,-5.0,-5642075.0
990314,20230404,435,-2344.0,-26450048.0
990315,20230404,435,-167.0,-18844531.0
990316,20230404,435,-586.0,-6612512.0
990317,20230404,440,-8.0,-902732.0
990318,20230404,448,-24956.0,-281607247.0
990319,20230404,451,-19564.0,-220763111.0
990320,20230404,452,-37489.0,-423031499.0
990321,20230404,454,-31003.0,-349842502.0
1071380,20230317,25,1113058.0,1255991343.0
1071534,20230324,7,-45473.0,-513124153.0
1071535,20230324,12,-42036.0,-474340529.0
1071536,20230324,36,-54693.0,-617164016.0
1071537,20230324,49,-26631.0,-300508199.0
1071538,20230324,95,-25507.0,-287824814.0
1071539,20230324,101,-46785.0,-527928958.0
1071540,20230324,135,-1335544.0,-1507047883.0
1071541,20230324,135,-25906.0,-29232719.0
1071542,20230324,145,-606.0,-6838195.0
1071543,20230324,145,-604.0,-6815627.0
1071544,20230324,145,-5.0,-5642075.0
1071545,20230324,145,-6118.0,-6903643.0
1071546,20230324,145,-6106.0,-6890102.0
1071547,20230324,152,-2268.0,-255924522.0
1071548,20230324,155,-16011.0,-180670526.0
1071549,20230324,188,-656.0,-74024024.0
1071550,20230324,217,-25764.0,-290724841.0
1071551,20230324,248,-36347.0,-410145.0
1071552,20230324,263,-39851.0,-449684662.0
1071553,20230324,279,-19053.0,-21499691.0
1071554,20230324,287,-5982.0,-67501785.0
1071555,20230324,314,-45649.0,-515110163.0
1071556,20230324,341,-5.0,-5642075.0
1071557,20230324,341,-5.0,-5642075.0
1071558,20230324,341,-5.0,-5642075.0
1071559,20230324,341,-5.0,-5642075.0
1071560,20230324,341,-18893.0,-213191446.0
1071561,20230324,341,-18708.0,-211103878.0
1071562,20230324,351,-1045.0,-117919368.0
1071563,20230324,353,-94616.0,-1067661136.0
1071564,20230324,353,-2822.0,-31843871.0
1071565,20230324,361,-1005171.0,-1134250034.0
1071566,20230324,361,-12118.0,-13674133.0
1071567,20230324,363,-36186.0,-408328252.0
1071568,20230324,368,-4633.0,-52279467.0
1071569,20230324,377,-64917.0,-732533166.0
1071570,20230324,380,-8372.0,-94470904.0
1071571,20230324,382,-4992.0,-56330477.0
1071572,20230324,386,-12342.0,-139268979.0
1071573,20230324,386,-61712.0,-696367465.0
1071574,20230324,413,-5164.0,-58271351.0
1071575,20230324,426,-807387.0,-9110676016.0
1071576,20230324,426,-14244.0,-160731433.0
1071577,20230324,432,-7509.0,-84732682.0
1071578,20230324,437,-376453.0,-424795212.0
1071579,20230324,437,-38629.0,-43589543.0
1071580,20230324,438,-4579964.0,-5168100077.0
1071581,20230324,438,-55484.0,-626089779.0
1071582,20230324,440,-6287.0,-70943451.0
1071583,20230324,442,-16593.0,-187237901.0
1071584,20230324,444,-5402.0,-60956978.0
1071585,20230324,450,-14717.0,-166068836.0
1071586,20230324,456,-19297.0,-217750243.0
1071587,20230324,459,-17602.0,-198623608.0
1071588,20230324,461,-3728859.0,-4207700429.0
1071589,20230324,461,-43573.0,-491684268.0
1071590,20230324,482,-7684.0,-86707409.0
990322,20230404,457,-69397.0,-783086158.0
990323,20230404,465,-47173.0,-532307208.0
990324,20230404,466,-3926.0,-44301573.0
990325,20230404,472,-13947.0,-15738004.0
990326,20230404,478,-1470779.0,-1659649085.0
990327,20230404,478,-28163.0,-317795516.0
990328,20230404,486,-49281.0,-556094196.0
990329,20230404,490,-1924.0,-217107046.0
990330,20230404,492,-25045.0,-282611537.0
990331,20230404,494,-6829.0,-7705946.0
1120348,20230110,141,-100.0,-111529.0
1120349,20230110,184,-10508.0,-117194673.0
1120350,20230110,184,-92.0,-1026067.0
1120351,20230110,325,-9473.0,-105651422.0
1130585,20230502,6,-46751.0,-527545297.0
1130586,20230502,22,-59651.0,-673110832.0
1130587,20230502,24,-3792.0,-42789497.0
1130588,20230502,24,-3782.0,-42676655.0
1130589,20230502,24,-5.0,-5642075.0
1130590,20230502,24,-39915.0,-450406847.0
1130591,20230502,24,-39807.0,-449188159.0
1130592,20230502,27,-2860518.0,-3227851419.0
1130593,20230502,27,-4589.0,-517829644.0
1130594,20230502,37,-38914.0,-439111413.0
1130595,20230502,39,-1029.0,-116113904.0
1130596,20230502,49,-26578.0,-299910139.0
1130597,20230502,50,-5.0,-5642075.0
1130598,20230502,50,-5.0,-5642075.0
1130599,20230502,50,-45836.0,-517220299.0
1130600,20230502,50,-45509.0,-513530382.0
1130601,20230502,55,-38613.0,-435714884.0
1130602,20230502,56,-3254.0,-36718624.0
1130603,20230502,56,-1574984.0,-177723557.0
1130604,20230502,56,-34248.0,-386459569.0
1130605,20230502,64,-4355.0,-49142473.0
1130606,20230502,64,-4256.0,-48025342.0
1130607,20230502,64,-5.0,-5642075.0
1130608,20230502,64,-5.0,-5642075.0
1130609,20230502,64,-43987.0,-496355906.0
1130610,20230502,64,-42992.0,-485128177.0
1130611,20230502,65,-2583.0,-29146959.0
1130612,20230502,65,-26086.0,-294358337.0
1130613,20230502,74,-9108.0,-102776038.0
1130614,20230502,74,-45538.0,-513857623.0
1130615,20230502,93,-46388.0,-52344915.0
1130616,20230502,95,-8.0,-902732.0
1130617,20230502,95,-25507.0,-287824814.0
1130618,20230502,98,-3849001.0,-4343270463.0
1130619,20230502,98,-53999.0,-609332816.0
1130620,20230502,112,-633.0,-7142867.0
1130621,20230502,112,-63138.0,-712458663.0
1130622,20230502,121,-5.0,-5642075.0
1130623,20230502,121,-24773.0,-279542248.0
1130624,20230502,139,-2001.0,-22579584.0
1130625,20230502,139,-20208.0,-228030103.0
1130626,20230502,141,-41277.0,-46577586.0
1130627,20230502,145,-576.0,-649967.0
1130628,20230502,145,-5814.0,-65606048.0
1130629,20230502,152,-5.0,-5642075.0
1130630,20230502,152,-22366.0,-252381299.0
1130631,20230502,152,-9267.0,-104570218.0
1130632,20230502,183,-3542.0,-39968459.0
1130633,20230502,183,-35775.0,-403690466.0
1130634,20230502,206,-26363.0,-297484046.0
1130635,20230502,217,-20574.0,-232160102.0
1130636,20230502,219,-24687.0,-278571811.0
1130637,20230502,220,-27319.0,-308271694.0
1130638,20230502,229,-8.0,-902732.0
1130639,20230502,229,-7191.0,-81144323.0
1130640,20230502,237,-4939.0,-55732417.0
1130641,20230502,237,-49885.0,-562909823.0
1130642,20230502,248,-2342368.0,-2643163187.0
1130643,20230502,248,-36253.0,-40908429.0
1130644,20230502,308,-1416776.0,-159871129.0
1130645,20230502,308,-2974.0,-335590621.0
1130646,20230502,314,-5.0,-5642075.0
1130647,20230502,314,-45649.0,-515110163.0
1130648,20230502,314,-45542.0,-513902759.0
1130649,20230502,319,-69255.0,-781483808.0
1130650,20230502,319,-5465.0,-6166788.0
1130651,20230502,326,-268.0,-30241522.0
1130652,20230502,326,-595.0,-67140693.0
1130653,20230502,326,-27068.0,-305439372.0
1130654,20230502,334,-16177.0,-182543695.0
1130655,20230502,338,-5.0,-5642075.0
1130656,20230502,338,-4256.0,-48025342.0
1130657,20230502,338,-536.0,-6048304.0
1130658,20230502,341,-5.0,-5642075.0
1130659,20230502,341,-18758.0,-211668086.0
1130660,20230502,341,-3771.0,-4255253.0
1130661,20230502,342,-52173.0,-588727958.0
1142628,20230421,2,-75436.0,-851231139.0
1142629,20230421,6,-46886.0,-529068657.0
1142630,20230421,22,-74564.0,-841391361.0
1142631,20230421,27,-46011.0,-519195026.0
1142632,20230421,36,-10939.0,-123437317.0
1142633,20230421,36,-54693.0,-617164016.0
1142634,20230421,37,-38986.0,-439923872.0
1142635,20230421,39,-2374348.0,-2679249898.0
1142636,20230421,39,-32046.0,-361611871.0
1142637,20230421,44,-30381.0,-342823761.0
1142638,20230421,49,-2663.0,-300496915.0
1142639,20230421,50,-45836.0,-517220299.0
1142640,20230421,64,-4355.0,-49142473.0
1142641,20230421,64,-43987.0,-496355906.0
1142642,20230421,98,-5432.0,-612955028.0
1142643,20230421,101,-4673.0,-52730833.0
1142644,20230421,118,-35339.0,-398770577.0
1142645,20230421,141,-5.0,-5642075.0
1142646,20230421,141,-41277.0,-46577586.0
1142647,20230421,145,-591.0,-6668933.0
1142648,20230421,145,-5967.0,-67332523.0
1142649,20230421,152,-5.0,-5642075.0
1142650,20230421,152,-5.0,-5642075.0
1142651,20230421,152,-18106.0,-20431082.0
1142652,20230421,152,-13314.0,-150237173.0
1142653,20230421,152,-4651.0,-52482582.0
1142654,20230421,155,-871579.0,-9835028173.0
1142655,20230421,155,-16011.0,-180670526.0
1142656,20230421,162,-47849.0,-539935293.0
1142657,20230421,183,-3542.0,-39968459.0
1142658,20230421,183,-3542.0,-39968459.0
1142659,20230421,183,-5.0,-5642075.0
1142660,20230421,183,-35775.0,-403690466.0
1142661,20230421,183,-35775.0,-403690466.0
1142662,20230421,190,-21837.0,-246411984.0
1142663,20230421,196,-7282.0,-821711803.0
1142664,20230421,196,-23133.0,-261036242.0
1142665,20230421,196,-23071.0,-260336625.0
1142666,20230421,196,-23012.0,-25967086.0
1142667,20230421,205,-38966.0,-439698189.0
1142668,20230421,217,-25764.0,-290724841.0
1142669,20230421,229,-6392.0,-72128287.0
1142670,20230421,248,-36347.0,-410145.0
1142671,20230421,263,-39042.0,-440555784.0
1142672,20230421,279,-3811.0,-43003896.0
1142673,20230421,279,-19053.0,-21499691.0
1142674,20230421,287,-1104.0,-12457702.0
1142675,20230421,287,-5518.0,-6226594.0
1142676,20230421,308,-5.0,-5642075.0
1142677,20230421,308,-2974.0,-335590621.0
1142678,20230421,308,-2974.0,-335590621.0
1142679,20230421,326,-2693.0,-30388216.0
1142680,20230421,326,-2686.0,-30309227.0
1142681,20230421,326,-5.0,-5642075.0
1142682,20230421,326,-5.0,-5642075.0
1142683,20230421,326,-27205.0,-306985301.0
1142684,20230421,326,-27135.0,-30619541.0
1142685,20230421,341,-15083.0,-170198834.0
1142686,20230421,344,-25354.0,-286098339.0
1142687,20230421,355,-7819.0,-88230769.0
1142688,20230421,357,-5.0,-5642075.0
1142689,20230421,357,-27016.0,-304852596.0
1142690,20230421,357,-27016.0,-304852596.0
1142691,20230421,360,-12287.0,-138648351.0
1142692,20230421,361,-1768.0,-19950377.0
1142693,20230421,367,-5.0,-5642075.0
1142694,20230421,367,-5.0,-5642075.0
1142695,20230421,367,-18733.0,-211385982.0
1142696,20230421,367,-18434.0,-208012021.0
1142697,20230421,368,-4633.0,-52279467.0
1142698,20230421,373,-5.0,-5642075.0
1142699,20230421,373,-108.0,-12186882.0
1142700,20230421,373,-108.0,-12186882.0
1142701,20230421,377,-64917.0,-732533166.0
1142702,20230421,382,-4991.0,-56319193.0
1142703,20230421,387,-24665.0,-27832356.0
1142704,20230421,389,-22953.0,-259005095.0
1142705,20230421,391,-31739.0,-358147637.0
1142706,20230421,392,-8.0,-902732.0
1142707,20230421,392,-15498.0,-174881757.0
1142708,20230421,393,-31922.0,-360212636.0
1142709,20230421,394,-15108.0,-170480938.0
1142710,20230421,397,-50.0,-5642075.0
917525,20230104,93,-17.0,-189599.0
917526,20230104,93,-45983.0,-512843801.0
917527,20230104,98,-1757.0,-19595645.0
917528,20230104,98,-53243.0,-593813855.0
917529,20230104,155,-15439.0,-172189623.0
917530,20230104,322,-5.0,-557645.0
917531,20230104,322,-15633.0,-174353286.0
917532,20230104,322,-15757.0,-175736245.0
917533,20230104,478,15000.0,1672935.0
917534,20230104,490,15000.0,1672935.0
917535,20230104,492,8000.0,892232.0
917536,20230104,496,138177.0,1541074263.0
918247,20230106,308,-28952.0,-322898761.0
1032454,20230111,271,-1265.0,-14108419.0
1033735,20230118,24,-3748.0,-42292994.0
1033736,20230118,24,-39449.0,-445148433.0
1033737,20230118,37,-3867.0,-436358081.0
1033738,20230118,52,-4159.0,-4693078.0
1033739,20230118,52,-43774.0,-493952382.0
1033740,20230118,248,-35941.0,-405563635.0
1033741,20230118,328,-2501538.0,-2822773002.0
1033742,20230118,328,-37062.0,-418213167.0
1033743,20230118,353,-7162.0,-80817082.0
1033744,20230118,353,-2838.0,-32024418.0
1034514,20230120,223,-44441.0,-50147891.0
1034515,20230120,360,-12479.0,-140814908.0
1034516,20230120,444,-5381.0,-60720011.0
1034517,20230120,459,-17464.0,-197066396.0
1034892,20230124,410,-5256.0,-59309492.0
1142711,20230421,397,-548.0,-61837142.0
1142712,20230421,400,-27798.0,-313676802.0
1142713,20230421,404,-72507.0,-818179864.0
1142714,20230421,408,-9045.0,-1020651368.0
1142715,20230421,408,-1781.0,-20097071.0
1142716,20230421,410,-5.0,-5642075.0
1142717,20230421,410,-5287.0,-59659301.0
1142718,20230421,410,-5287.0,-59659301.0
1142719,20230421,412,-5.0,-5642075.0
1142720,20230421,412,-10542.0,-118957509.0
1142721,20230421,412,-42269.0,-476969736.0
1142722,20230421,412,-8702.0,-98194673.0
1142723,20230421,412,-124.0,-13992346.0
1142724,20230421,418,-21196.0,-239178843.0
1142725,20230421,420,-1455773.0,-164271609.0
1142726,20230421,420,-21775.0,-245712366.0
1142727,20230421,424,-5.0,-5642075.0
1142728,20230421,424,-7456.0,-84134622.0
1142729,20230421,424,-7456.0,-84134622.0
1142730,20230421,432,-7509.0,-84732682.0
1142731,20230421,435,-5.0,-5642075.0
1142732,20230421,435,-2902.0,-32746603.0
1142733,20230421,435,-1275.0,-14387291.0
1142734,20230421,437,-4733.0,-53407882.0
1142735,20230421,438,-10488.0,-118348165.0
1142736,20230421,444,-5402.0,-60956978.0
1142737,20230421,448,-24956.0,-281607247.0
1142738,20230421,449,-5.0,-5642075.0
1142739,20230421,449,-2157.0,-24339912.0
1247489,20230503,351,-1197256.0,-1351001629.0
1247490,20230503,351,-13063.0,-147404851.0
1247491,20230503,355,-7222.0,-81494131.0
1247492,20230503,358,-5.0,-5642075.0
1247493,20230503,358,-5.0,-5642075.0
1247494,20230503,358,-5.0,-5642075.0
1247495,20230503,358,-57266.0,-646198134.0
1247496,20230503,358,-56864.0,-641661906.0
1247497,20230503,365,-5.0,-5642075.0
1247498,20230503,365,-6529.0,-73674215.0
1247499,20230503,368,-4625.0,-52189194.0
1247500,20230503,370,-9941.0,-112175735.0
1247501,20230503,372,-2659.0,-30004555.0
1247502,20230503,373,-10698.0,-120717837.0
1247503,20230503,377,-64728.0,-730400461.0
1247504,20230503,378,-4967.0,-56048373.0
1247505,20230503,382,-4189.0,-47269304.0
1247506,20230503,383,-5.0,-5642075.0
1247507,20230503,383,-5.0,-5642075.0
1247508,20230503,383,-5.0,-5642075.0
1247509,20230503,383,-7865.0,-8874984.0
1247510,20230503,383,-7799.0,-88005086.0
1247511,20230503,384,-1365.0,-154028648.0
1247512,20230503,386,-5.0,-5642075.0
1247513,20230503,386,-61487.0,-693828531.0
1247514,20230503,386,-12342.0,-139268979.0
1247515,20230503,387,-24486.0,-276303697.0
1247516,20230503,389,-5.0,-5642075.0
1247517,20230503,389,-5.0,-5642075.0
1247518,20230503,389,-9354.0,-105551939.0
1247519,20230503,389,-22953.0,-259005095.0
1247520,20230503,389,-18625.0,-210167294.0
1247521,20230503,389,-4191.0,-47291873.0
1247522,20230503,393,-3171.0,-357820397.0
1247523,20230503,394,-15067.0,-170018288.0
1247524,20230503,396,-21015.0,-237136412.0
1247525,20230503,404,-71882.0,-81112727.0
1247526,20230503,412,-43172.0,-487159324.0
1247527,20230503,417,-5.0,-5642075.0
1247528,20230503,417,-5.0,-5642075.0
1247529,20230503,417,-5.0,-5642075.0
1247530,20230503,417,-12801.0,-144448404.0
1247531,20230503,417,-12801.0,-144448404.0
1247532,20230503,417,-12764.0,-144030891.0
1247533,20230503,422,-5.0,-5642075.0
1247534,20230503,422,-35145.0,-396581452.0
1247535,20230503,422,-35039.0,-395385332.0
1247536,20230503,424,-6364.0,-71812331.0
1247537,20230503,428,-5.0,-5642075.0
1247538,20230503,428,-5.0,-5642075.0
1247539,20230503,428,-5.0,-5642075.0
1247540,20230503,428,-40977.0,-462390615.0
1247541,20230503,428,-40335.0,-45514619.0
1247542,20230503,432,-6702.0,-75626373.0
1247543,20230503,435,-2899.0,-32712751.0
1247544,20230503,444,-108.0,-12186882.0
1247545,20230503,444,-5398.0,-60911842.0
1247546,20230503,448,-24883.0,-280783504.0
1071591,20230324,484,-4894.0,-552246301.0
1285381,20230505,6,-3071956.0,-346644123.0
1285382,20230505,6,-46751.0,-527545297.0
1285383,20230505,19,-7477.0,-8437159.0
1285384,20230505,25,-6709.0,-75705362.0
1285385,20230505,25,-70619.0,-796875389.0
1285386,20230505,36,-5.0,-5642075.0
1285387,20230505,36,-43643.0,-492474158.0
1285388,20230505,36,-32601.0,-367874574.0
1285389,20230505,36,-10911.0,-123121361.0
1285390,20230505,44,-5.0,-5642075.0
1285391,20230505,44,-1224.0,-138117996.0
1285392,20230505,44,-30381.0,-342823761.0
1285393,20230505,44,-24745.0,-279226292.0
1285394,20230505,44,-5576.0,-6292042.0
1285395,20230505,49,-26578.0,-299910139.0
1285396,20230505,54,-5.0,-5642075.0
1285397,20230505,54,-5.0,-5642075.0
1285398,20230505,54,-5.0,-5642075.0
1285399,20230505,54,-417.0,-4705491.0
1285400,20230505,54,-417.0,-4705491.0
1285401,20230505,54,-408.0,-4603933.0
1285402,20230505,54,-83.0,-936584.0
1285403,20230505,54,-2719.0,-30681604.0
1285404,20230505,54,-4394.0,-49582555.0
1285405,20230505,54,-4122.0,-46513266.0
1285406,20230505,54,-2086.0,-23538737.0
1285407,20230505,54,-171.0,-192959.0
1285408,20230505,64,-4165.0,-46998485.0
1285409,20230505,64,-42073.0,-474758043.0
1285410,20230505,65,-2583.0,-29146959.0
1285411,20230505,65,-20352.0,-229655021.0
1285412,20230505,98,-18041.0,-20357735.0
1285413,20230505,118,-3533.0,-39866902.0
1285414,20230505,145,-576.0,-649967.0
1285415,20230505,145,-5814.0,-65606048.0
1285416,20230505,152,-22192.0,-250417857.0
1285417,20230505,162,-5.0,-5642075.0
1285418,20230505,162,-47694.0,-53818625.0
1285419,20230505,162,-47694.0,-53818625.0
1285420,20230505,166,-5.0,-5642075.0
1285421,20230505,166,-5.0,-5642075.0
1285422,20230505,166,-35193.0,-397123091.0
1285423,20230505,166,-34825.0,-392970524.0
1285424,20230505,205,-7771.0,-8768913.0
1285425,20230505,205,-38855.0,-438445648.0
1285426,20230505,206,-5.0,-5642075.0
1285427,20230505,206,-26284.0,-296592599.0
1285428,20230505,217,-5143.0,-58034383.0
1285429,20230505,220,-2724.0,-307380246.0
1285430,20230505,229,-3888.0,-43872775.0
1285431,20230505,263,-39841.0,-44957182.0
1285432,20230505,272,-199371.0,-224973227.0
1285433,20230505,272,-66198.0,-746988162.0
1285434,20230505,272,-63593.0,-717592951.0
1285435,20230505,272,-61219.0,-690804379.0
1285436,20230505,308,-1538.0,-17355023.0
1285437,20230505,308,-7688.0,-86752545.0
1285438,20230505,342,-52173.0,-588727958.0
1285439,20230505,344,-25279.0,-285252028.0
1285440,20230505,346,-28436.0,-320876089.0
1285441,20230505,357,-7231.0,-81595689.0
1285442,20230505,360,-5.0,-5642075.0
1285443,20230505,360,-10909.0,-123098792.0
1285444,20230505,365,-6529.0,-73674215.0
1285445,20230505,368,-4625.0,-52189194.0
1285446,20230505,375,-1153.0,-13010625.0
1285447,20230505,375,-2818.0,-31798735.0
1285448,20230505,375,-8.0,-902732.0
1285449,20230505,375,-12137.0,-136955729.0
1285450,20230505,382,-8.0,-902732.0
1285451,20230505,382,-4989.0,-56296624.0
1285452,20230505,383,-7748.0,-87429594.0
1285453,20230505,387,-19589.0,-221045214.0
1285454,20230505,394,-15067.0,-170018288.0
1285455,20230505,404,-71882.0,-81112727.0
1285456,20230505,407,-5.0,-5642075.0
1285457,20230505,407,-47557.0,-536640322.0
1285458,20230505,410,-19318.0,-2179872097.0
1285459,20230505,410,-5169.0,-58327771.0
1285460,20230505,413,-1052.0,-11870926.0
1285461,20230505,415,-5738.0,-64748453.0
1285462,20230505,417,-12697.0,-143274853.0
1285463,20230505,418,-4227.0,-47698102.0
1285464,20230505,418,-21136.0,-238501794.0
1285465,20230505,424,-8.0,-902732.0
1285466,20230505,424,-6888.0,-77725225.0
1285467,20230505,428,-31814.0,-358993948.0
1285468,20230505,433,-5.0,-5642075.0
1285469,20230505,433,-1109.0,-125141224.0
1285470,20230505,433,-11069.0,-124904256.0
1285471,20230505,435,-2899.0,-32712751.0
1285472,20230505,440,-1569.0,-17704831.0
1285473,20230505,440,-8.0,-902732.0
1285474,20230505,440,-7045.0,-79496837.0
1285475,20230505,442,-5.0,-5642075.0
1285476,20230505,442,-16516.0,-186369021.0
1285477,20230505,452,-1056749.0,-1192451423.0
1285478,20230505,452,-37453.0,-42262527.0
1285479,20230505,463,-5.0,-5642075.0
1285480,20230505,463,-5.0,-5642075.0
1285481,20230505,463,-5.0,-5642075.0
1285482,20230505,463,-5.0,-5642075.0
1285483,20230505,463,-22347.0,-2521669.0
1285484,20230505,463,-36594.0,-412932185.0
1285485,20230505,463,-29675.0,-334857151.0
1285486,20230505,463,-22709.0,-256251762.0
1285487,20230505,463,-13838.0,-156150068.0
1285488,20230505,463,-6919.0,-78075034.0
1285489,20230505,465,-46225.0,-521609834.0
1285490,20230505,468,-14329.0,-161690585.0
1285491,20230505,488,-927.0,-10460407.0
1285492,20230505,488,-4635.0,-52302035.0
1285493,20230505,490,-228.0,-25727862.0
1285494,20230505,490,-23999.0,-270808316.0
1285495,20230505,494,-5.0,-5642075.0
1142740,20230421,449,-512.0,-5777485.0
1142741,20230421,452,-37489.0,-423031499.0
1142742,20230421,454,-30203.0,-340815182.0
1142743,20230421,457,-13879.0,-156612718.0
1142744,20230421,457,-69397.0,-783086158.0
1142745,20230421,461,-2415.0,-27251222.0
1142746,20230421,463,-36594.0,-412932185.0
1142747,20230421,474,-5.0,-5642075.0
1142748,20230421,474,-12561.0,-141740208.0
1142749,20230421,474,-12561.0,-141740208.0
1142750,20230421,478,-5134.0,-57932826.0
1142751,20230421,480,-40609.0,-458238047.0
1142752,20230421,496,-5.0,-5642075.0
1142753,20230421,496,-2216.0,-250056764.0
1142754,20230421,496,-22159.0,-25004548.0
1295402,20230125,52,-15000.0,-16926225.0
1295403,20230125,54,-432.0,-4874753.0
1295404,20230125,54,-1002.0,-113067183.0
1295405,20230125,54,-4548.0,-51320314.0
1295406,20230125,141,-5.0,-5642075.0
1295407,20230125,141,-30274.0,-341616357.0
1295408,20230125,141,-1226.0,-13834368.0
1295409,20230125,372,-24087.0,-271801321.0
1398440,20230103,5,-5499.0,-61329797.0
1398441,20230103,5,-5.0,-557645.0
1398442,20230103,5,-56501.0,-630150003.0
1398443,20230103,9,-42543.0,-474477825.0
1398444,20230103,36,-52725.0,-588036653.0
1398445,20230103,42,-3378.0,-37674496.0
1398446,20230103,42,-4.0,-44612.0
1398447,20230103,42,-34118.0,-380514642.0
1398448,20230103,74,-22.0,-245364.0
1398449,20230103,74,-29978.0,-334341636.0
1398450,20230103,86,-2627.0,-29298668.0
1398451,20230103,86,-26531.0,-29589759.0
1398452,20230103,205,-2153.0,-24012194.0
1398453,20230103,205,-37847.0,-422103806.0
1398454,20230103,220,-5.0,-557645.0
1398455,20230103,220,-26989.0,-301005618.0
1398456,20230103,229,-7183.0,-80111281.0
1398457,20230103,269,-1832.0,-20432113.0
1398458,20230103,269,-540.0,-6022566.0
1398459,20230103,269,-3168.0,-35332387.0
1398460,20230103,275,-2717.0,-30302429.0
1398461,20230103,275,-2744.0,-306035576.0
1398462,20230103,334,-1669.0,-1861419.0
1398463,20230103,334,-16331.0,-18213801.0
1398464,20230103,342,-51121.0,-570147401.0
1398465,20230103,346,-59.0,-658021.0
1398466,20230103,346,-27641.0,-308277309.0
1398467,20230103,463,34000.0,3791986.0
1398468,20230103,474,10000.0,111529.0
1398469,20230103,476,6800.0,7583972.0
1398470,20230103,482,1600.0,1784464.0
1398471,20230103,484,40000.0,446116.0
1398472,20230103,486,20400.0,22751916.0
1399525,20230105,283,-13553.0,-151155254.0
1399526,20230105,287,-481.0,-5364545.0
1285496,20230505,494,-6811.0,-76856346.0
1285497,20230505,494,-6811.0,-76856346.0
1285498,20230505,496,-802.0,-9049888.0
1285499,20230505,496,-8442.0,-95260794.0
1368911,20230418,2,-75436.0,-851231139.0
1368912,20230418,98,-54339.0,-613169427.0
1368913,20230418,125,-587.0,-66237961.0
1368914,20230418,125,-2935.0,-331189803.0
1368915,20230418,141,-5.0,-5642075.0
1368916,20230418,141,-41437.0,-467581324.0
1368917,20230418,141,-39893.0,-450158596.0
1368918,20230418,221,-3575.0,-40340836.0
1368919,20230418,221,-36109.0,-407459372.0
1368920,20230418,223,-44778.0,-505281669.0
1368921,20230418,237,-4976.0,-5614993.0
1368922,20230418,237,-50264.0,-567186516.0
1368923,20230418,334,-15495.0,-174847904.0
1368924,20230418,346,-5721.0,-64556622.0
1368925,20230418,346,-28607.0,-322805679.0
1368926,20230418,351,-2613.0,-29485484.0
1368927,20230418,392,-18776.0,-2118712.0
1368928,20230418,393,-6384.0,-72038014.0
1368929,20230418,393,-31922.0,-360212636.0
1368930,20230418,404,-72507.0,-818179864.0
1368931,20230418,430,-1162015.0,-1311235156.0
1368932,20230418,430,-19205.0,-216712101.0
1368933,20230418,476,-1368.0,-154367172.0
1368934,20230418,480,-40674.0,-458971517.0
1370322,20230503,12,-41936.0,-473212114.0
1370323,20230503,188,-65457.0,-738626607.0
1370324,20230503,223,-44778.0,-505281669.0
1370325,20230503,269,-59067.0,-666520888.0
1370326,20230503,344,-25354.0,-286098339.0
1370327,20230503,357,-2002056.0,-2259150021.0
1370328,20230503,357,-26883.0,-303351804.0
1370329,20230503,392,-5.0,-5642075.0
1370330,20230503,392,-19487.0,-219894231.0
1370331,20230503,392,-4075.0,-45982911.0
1370332,20230503,407,-5.0,-5642075.0
1370333,20230503,407,-48049.0,-542192123.0
1370334,20230503,407,-47931.0,-540860594.0
1370335,20230503,415,-5.0,-5642075.0
1370336,20230503,415,-5.0,-5642075.0
1370337,20230503,415,-5.0,-5642075.0
1370338,20230503,415,-7265.0,-8197935.0
1370339,20230503,415,-7265.0,-8197935.0
1370340,20230503,415,-7211.0,-81370006.0
1370341,20230503,465,-47113.0,-531630159.0
1370342,20230503,496,-1358951.0,-1533460693.0
1370343,20230503,496,-22018.0,-248454415.0
1372138,20230505,11,-18498.0,-208734207.0
1372139,20230505,14,-5.0,-5642075.0
1372140,20230505,14,-55844.0,-630152073.0
1372141,20230505,14,-55844.0,-630152073.0
1372142,20230505,15,-4191.0,-47291873.0
1372143,20230505,15,-4159.0,-4693078.0
1372144,20230505,15,-4137.0,-46682529.0
1372145,20230505,15,-5.0,-5642075.0
1372146,20230505,15,-5.0,-5642075.0
1372147,20230505,15,-5.0,-5642075.0
1372148,20230505,15,-5.0,-5642075.0
1372149,20230505,15,-5.0,-5642075.0
1372150,20230505,15,-28226.0,-318506418.0
1372151,20230505,15,-42337.0,-477737059.0
1372152,20230505,15,-37765.0,-426145925.0
1372153,20230505,15,-28088.0,-316949205.0
1372154,20230505,15,-13703.0,-154626707.0
1372155,20230505,15,-4247.0,-47923785.0
1372156,20230505,22,-5.0,-5642075.0
1372157,20230505,22,-74465.0,-84027423.0
1372158,20230505,22,-14913.0,-168280529.0
1372159,20230505,24,-3776.0,-4260895.0
1372160,20230505,24,-39747.0,-44851111.0
1372161,20230505,42,-3487.0,-39347831.0
1372162,20230505,42,-3475.0,-39212421.0
1372163,20230505,42,-5.0,-5642075.0
1372164,20230505,42,-5.0,-5642075.0
1372165,20230505,42,-5.0,-5642075.0
1372166,20230505,42,-24244.0,-273572933.0
1372167,20230505,42,-16213.0,-182949924.0
1372168,20230505,42,-12538.0,-141480673.0
1372169,20230505,42,-10975.0,-123843546.0
1372170,20230505,42,-3134.0,-35364526.0
1372171,20230505,50,-45308.0,-511262268.0
1372172,20230505,52,-4004.0,-45181737.0
1372173,20230505,52,-855887.0,-9657957291.0
1372174,20230505,52,-42151.0,-475638207.0
1372175,20230505,74,-9094.0,-10261806.0
1372176,20230505,74,-45469.0,-513079016.0
1372177,20230505,95,-25449.0,-287170333.0
1372178,20230505,112,-6313.0,-71236839.0
1372179,20230505,112,-8.0,-902732.0
1372180,20230505,112,-63772.0,-719612814.0
1372181,20230505,121,-5.0,-5642075.0
1372182,20230505,121,-30947.0,-34921059.0
1372183,20230505,121,-6318.0,-7129326.0
1372184,20230505,141,-2668978.0,-301171481.0
1372185,20230505,141,-4117.0,-464568456.0
1372186,20230505,183,-3533.0,-39866902.0
1372187,20230505,183,-27839.0,-314139452.0
1372188,20230505,219,-5.0,-5642075.0
1372189,20230505,219,-24687.0,-278571811.0
1372190,20230505,221,-3575.0,-40340836.0
1372191,20230505,221,-36109.0,-407459372.0
1372192,20230505,237,-4939.0,-55732417.0
1372193,20230505,237,-49885.0,-562909823.0
1372194,20230505,248,-5139.0,-57989247.0
1372195,20230505,269,-58854.0,-664117364.0
1372196,20230505,322,-15237.0,-171936594.0
1372197,20230505,326,-2673.0,-30162533.0
1372198,20230505,326,-134552.0,-1518304951.0
1372199,20230505,326,-26997.0,-304638198.0
1372200,20230505,341,-18758.0,-211668086.0
1372201,20230505,377,-64728.0,-730400461.0
1372202,20230505,380,-8364.0,-94380631.0
1372203,20230505,391,-5.0,-5642075.0
1372204,20230505,391,-25297.0,-285455143.0
1372205,20230505,391,-18873.0,-212965763.0
1372206,20230505,391,-6324.0,-71360965.0
1372207,20230505,392,-5.0,-5642075.0
1372208,20230505,392,-19459.0,-219578275.0
1372209,20230505,393,-3012.0,-3398786.0
1372210,20230505,393,-3171.0,-357820397.0
1372211,20230505,400,-27764.0,-313293141.0
1372212,20230505,422,-34831.0,-393038229.0
1372213,20230505,432,-176743.0,-1994394523.0
1372214,20230505,432,-8.0,-902732.0
1372215,20230505,432,-7502.0,-84653693.0
1372216,20230505,446,-502773.0,-5673365948.0
1372217,20230505,446,-7628.0,-86075496.0
1372218,20230505,448,-24883.0,-280783504.0
1372219,20230505,450,-1394.0,-15730105.0
1372220,20230505,450,-997906.0,-1126052099.0
1372221,20230505,450,-14669.0,-165527196.0
1372222,20230505,454,-30936.0,-349086464.0
1372223,20230505,457,-5.0,-5642075.0
1372224,20230505,457,-52439.0,-591729542.0
1372225,20230505,457,-11062.0,-124825267.0
1372226,20230505,457,-2765.0,-31200675.0
1372227,20230505,466,-3118.0,-3518398.0
1372228,20230505,472,-2903.0,-32757887.0
1372229,20230505,472,-14517.0,-163812006.0
1372230,20230505,482,-5.0,-5642075.0
1372231,20230505,482,-7667.0,-86515578.0
1372232,20230505,482,-7664.0,-86481726.0
1247547,20230503,451,-3903.0,-44042037.0
1247548,20230503,451,-19516.0,-220221471.0
1247549,20230503,457,-55308.0,-624103768.0
1247550,20230503,468,-14329.0,-161690585.0
1247551,20230503,474,-12457.0,-140566657.0
1247552,20230503,484,-47962.0,-541210402.0
1247553,20230503,488,-4648.0,-52448729.0
1247554,20230503,490,-5.0,-5642075.0
1247555,20230503,490,-5.0,-5642075.0
1247556,20230503,490,-23999.0,-270808316.0
1247557,20230503,490,-5872.0,-66260529.0
1247558,20230503,498,-5482.0,-6185971.0
1331351,20230210,162,-47317.0,-533932126.0
1331352,20230210,461,-2132.0,-24057808.0
1331353,20230210,461,-42868.0,-483728942.0
1331354,20230210,470,-1742362.0,-1966107416.0
1432367,20230117,15,-4152.0,-46851791.0
1432368,20230117,15,-41941.0,-473268535.0
1432369,20230117,17,-51488.0,-580998315.0
1432370,20230117,111,-19329.0,-218111335.0
1432371,20230117,139,-198.0,-22342617.0
1432372,20230117,139,-3025.0,-34134554.0
1432373,20230117,139,-19995.0,-225626579.0
1432374,20230117,263,-671.0,-7571665.0
1432375,20230117,263,-39329.0,-443794335.0
1432376,20230117,271,-226.0,-2550218.0
1432377,20230117,271,-21274.0,-240059007.0
1432378,20230117,378,-590978.0,-6668684399.0
1432379,20230117,378,-9022.0,-101805601.0
1432380,20230117,384,-13567.0,-153092063.0
1432381,20230117,399,-7471.0,-84303885.0
1432382,20230117,408,-2232.0,-25186223.0
1432383,20230117,408,-1768.0,-19950377.0
1432384,20230117,420,-21697.0,-244832203.0
1432385,20230117,428,-40692.0,-459174632.0
1432386,20230117,440,-7039.0,-79429132.0
1432387,20230117,468,-14134.0,-159490176.0
1434964,20230128,91,-29905.0,-337452506.0
1434965,20230128,91,-95.0,-1071994.0
1434966,20230128,334,-1741.0,-19645705.0
1434967,20230128,334,-16259.0,-183468995.0
1434968,20230128,342,-57.0,-643197.0
1434969,20230128,342,-51643.0,-582747358.0
1434970,20230128,391,-31317.0,-353385726.0
1434971,20230128,404,-71568.0,-807584047.0
1434972,20230128,415,-7213.0,-81392574.0
1434973,20230128,424,-7435.0,-83897655.0
1434974,20230128,465,-46907.0,-529305624.0
1434975,20230128,496,-88.0,-993005.0
1434976,20230128,496,-21912.0,-247258295.0
1445846,20230114,8,-210.0,-2342109.0
1445847,20230114,59,-478778.0,-5339763156.0
1445848,20230114,65,-2529.0,-28205684.0
1445849,20230114,65,-25542.0,-284867372.0
1445850,20230114,145,-16.0,-178446.0
1445851,20230114,145,-244.0,-2721308.0
1445852,20230114,145,-624.0,-69594096.0
1445853,20230114,152,-221.0,-24647909.0
1468882,20230202,86,-2627.0,-29643462.0
1468883,20230202,86,-26538.0,-299458773.0
1468884,20230202,205,-1494.0,-1685852.0
1468885,20230202,205,-38506.0,-43450748.0
1468886,20230202,257,-35367.0,-399086533.0
1468887,20230202,275,-2721.0,-30704172.0
1468888,20230202,275,-27482.0,-31011101.0
1468889,20230202,283,-13603.0,-153498292.0
1468890,20230202,380,-8518.0,-9611839.0
1468891,20230202,382,-4978.0,-56172499.0
1468892,20230202,389,-22618.0,-255224905.0
1468893,20230202,392,-159.0,-179418.0
1468894,20230202,392,-19341.0,-218246745.0
1468895,20230202,412,-43035.0,-485613395.0
1468896,20230202,414,-347.0,-39156.0
1468897,20230202,414,-22153.0,-249977775.0
1468898,20230202,433,-11019.0,-124340049.0
1468899,20230202,466,-3892.0,-43917912.0
1468900,20230202,484,-48172.0,-543580074.0
1468901,20230202,492,-25734.0,-290386316.0
1469394,20230203,64,-4336.0,-48928074.0
1469395,20230203,64,-43796.0,-494200633.0
1469396,20230203,221,-3564.0,-40216711.0
1469397,20230203,221,-36002.0,-406251968.0
1469398,20230203,361,-11929.0,-134608625.0
1469399,20230203,365,-6512.0,-73482385.0
1469400,20230203,383,-181.0,-2042431.0
1469401,20230203,383,-7819.0,-88230769.0
1469402,20230203,387,-24537.0,-276879189.0
1445854,20230114,494,3000.0,334587.0
1447176,20230119,394,-66.0,-744754.0
1447177,20230119,394,-14934.0,-168517496.0
1447178,20230119,450,-14511.0,-163744301.0
1448938,20230131,12,-41602.0,-469443208.0
1448939,20230131,19,-49495.0,-558509004.0
1448940,20230131,25,-49977.0,-563947965.0
1448941,20230131,56,-3235.0,-36504225.0
1448942,20230131,56,-3405.0,-384225308.0
1448943,20230131,101,-3771.0,-4255253.0
1448944,20230131,101,-46229.0,-52165497.0
1448945,20230131,118,-35294.0,-39826279.0
1448946,20230131,125,-28986.0,-327082372.0
1448947,20230131,135,-25671.0,-289675415.0
1448948,20230131,217,-25558.0,-288400306.0
1448949,20230131,219,-24367.0,-274960883.0
1448950,20230131,237,-4924.0,-55563155.0
1448951,20230131,237,-49733.0,-561194632.0
1448952,20230131,244,-38676.0,-436425785.0
1448953,20230131,287,-3975.0,-44854496.0
1448954,20230131,287,-6025.0,-67987004.0
1448955,20230131,351,-12883.0,-145373704.0
1448956,20230131,357,-26633.0,-300530767.0
1448957,20230131,370,-9918.0,-1119162.0
1448958,20230131,375,-12135.0,-13693316.0
1448959,20230131,377,-64115.0,-723483277.0
1448960,20230131,396,-20904.0,-235883872.0
1448961,20230131,397,-19397.0,-218878658.0
1448962,20230131,407,-47537.0,-536414639.0
1448963,20230131,418,-20947.0,-23636909.0
1448964,20230131,422,-34686.0,-391402027.0
1448965,20230131,432,-7479.0,-84394158.0
1448966,20230131,437,-38033.0,-429170077.0
1448967,20230131,457,-6829.0,-770594604.0
1448968,20230131,463,-36006.0,-406297105.0
1448969,20230131,470,-80644.0,-909998993.0
1448970,20230131,480,-40047.0,-451896355.0
1448971,20230131,480,-40047.0,-451896355.0
1448972,20230131,486,-38.0,-428798.0
1448973,20230131,486,-48962.0,-552494552.0
1448974,20230131,490,-23826.0,-268856158.0
1448975,20230131,498,-5551.0,-62638317.0
1450307,20230113,71,-3289.0,-36681888.0
1450308,20230113,71,-5.0,-557645.0
1450309,20230113,71,-3322.0,-370499338.0
1450310,20230113,194,-38329.0,-427479504.0
1452263,20230121,229,-7187.0,-81099186.0
1452264,20230121,322,-15303.0,-172681347.0
1452265,20230121,344,-25035.0,-282498695.0
1452266,20230121,358,-211.0,-2380956.0
1452267,20230121,358,-56789.0,-640815594.0
1452268,20230121,393,-31747.0,-35823791.0
1452269,20230121,413,-5153.0,-58147225.0
1452270,20230121,430,-190.0,-21439885.0
1452271,20230121,446,-7567.0,-85387163.0
1452272,20230121,476,-14391.0,-162390203.0
1453467,20230127,107,-5.0,-5642075.0
1453468,20230127,107,-5.0,-5642075.0
1469403,20230203,405,-5058.0,-57075231.0
1469404,20230203,442,-1636.0,-184608694.0
1469405,20230203,449,-455714.0,-5142345133.0
1469406,20230203,449,-6768.0,-76371127.0
1469971,20230207,71,-3305.0,-37294116.0
1469972,20230207,71,-5.0,-5642075.0
1469973,20230207,71,-5.0,-5642075.0
1469974,20230207,71,-33381.0,-376676211.0
1469975,20230207,184,-10645.0,-120119777.0
1469976,20230207,325,-8994.0,-101489645.0
1469977,20230207,341,-5.0,-5642075.0
1469978,20230207,341,-5.0,-5642075.0
1469979,20230207,341,-18579.0,-209648223.0
1469980,20230207,408,-100.0,-1128415.0
1469981,20230207,420,-21697.0,-244832203.0
1484186,20230209,17,-3240885.0,-3657063247.0
1484187,20230209,373,-1069.0,-120627564.0
1486652,20230201,14,-55258.0,-623539561.0
1486653,20230201,22,-74139.0,-836595597.0
1486654,20230201,44,-30123.0,-33991245.0
1486655,20230201,49,-92.0,-1038142.0
1486656,20230201,49,-26408.0,-297991833.0
1486657,20230201,95,-25263.0,-285071481.0
1486658,20230201,98,-1385.0,-15628548.0
1486659,20230201,98,-53615.0,-604999702.0
1486660,20230201,166,-35376.0,-39918809.0
1486661,20230201,177,-54449.0,-614410683.0
1486662,20230201,183,-3499.0,-39483241.0
1486663,20230201,183,-35347.0,-39886085.0
1453469,20230127,107,-18046.0,-203633771.0
1453470,20230127,107,-5954.0,-67185829.0
1453471,20230127,400,-27649.0,-311995463.0
1453472,20230127,417,-12642.0,-142654224.0
1453473,20230127,438,-54603.0,-616148442.0
1454034,20230131,2,-75018.0,-846514365.0
1536029,20230420,42,-3507.0,-39573514.0
1536030,20230420,42,-3507.0,-39573514.0
1536031,20230420,42,-5.0,-5642075.0
1536032,20230420,42,-27637.0,-311860054.0
1536033,20230420,42,-19751.0,-222873247.0
1536034,20230420,42,-7786.0,-87858392.0
1536035,20230420,55,-38723.0,-43695614.0
1536036,20230420,65,-2587.0,-29192096.0
1536037,20230420,65,-26136.0,-294922544.0
1536038,20230420,95,-24707.0,-278797494.0
1536039,20230420,111,-996038.0,-112394422.0
1536040,20230420,111,-19523.0,-22030046.0
1536041,20230420,139,-2001.0,-22579584.0
1536042,20230420,139,-8.0,-902732.0
1536043,20230420,139,-20208.0,-228030103.0
1536044,20230420,166,-35624.0,-40198656.0
1536045,20230420,271,-5.0,-5642075.0
1536046,20230420,271,-2133.0,-24069092.0
1536047,20230420,271,-21324.0,-240623215.0
1536048,20230420,319,-5.0,-5642075.0
1536049,20230420,319,-5769.0,-65098261.0
1536050,20230420,319,-5465.0,-6166788.0
1536051,20230420,342,-52333.0,-590533422.0
1486664,20230201,451,-19356.0,-218416007.0
1486665,20230201,456,-19217.0,-216847511.0
1486666,20230201,472,-14649.0,-165301513.0
1486667,20230201,474,-12411.0,-140047586.0
1486668,20230201,478,-27945.0,-315335572.0
1607119,20230421,11,-6047.0,-68235255.0
1607120,20230421,11,-30233.0,-341153707.0
1607121,20230421,12,-42036.0,-474340529.0
1607122,20230421,19,-50021.0,-564444467.0
1607123,20230421,71,-3265.0,-3684275.0
1607124,20230421,71,-32183.0,-363157799.0
1607125,20230421,112,-633.0,-7142867.0
1607126,20230421,112,-8.0,-902732.0
1607127,20230421,112,-63938.0,-721485983.0
1607128,20230421,188,-656.0,-74024024.0
1607129,20230421,220,-5.0,-5642075.0
1607130,20230421,220,-5.0,-5642075.0
1607131,20230421,220,-5.0,-5642075.0
1607132,20230421,220,-27566.0,-311058879.0
1607133,20230421,220,-27479.0,-310077158.0
1607134,20230421,220,-27238.0,-307357678.0
1607135,20230421,269,-59228.0,-668337636.0
1607136,20230421,275,-2726.0,-30760593.0
1607137,20230421,275,-27536.0,-310720354.0
1607138,20230421,283,-5.0,-5642075.0
1607139,20230421,283,-13667.0,-154220478.0
1607140,20230421,283,-13666.0,-154209194.0
1607141,20230421,322,-15303.0,-172681347.0
1607142,20230421,325,-8106.0,-9146932.0
1399527,20230105,287,-6019.0,-67129305.0
1399528,20230105,319,-6413.0,-71523548.0
1399529,20230105,466,2000.0,223058.0
1399530,20230105,472,7000.0,780703.0
1399531,20230105,498,2000.0,223058.0
1427496,20230112,279,-18779.0,-209440309.0
1567856,20230420,488,-447.0,-5044015.0
1567857,20230420,494,-6822.0,-76980471.0
1567858,20230420,498,-5.0,-5642075.0
1567859,20230420,498,-5578.0,-62942989.0
1567860,20230420,498,-5578.0,-62942989.0
1578440,20230421,7,-3893927.0,-4393965636.0
1578441,20230421,7,-8.0,-902732.0
1578442,20230421,7,-46273.0,-522151473.0
1578443,20230421,14,-56022.0,-632160651.0
1578444,20230421,25,-6723.0,-7586334.0
1578445,20230421,25,-70769.0,-798568011.0
1578446,20230421,33,-4096227.0,-462224399.0
1578447,20230421,33,-48996.0,-552878213.0
1578448,20230421,54,-5.0,-5642075.0
1578449,20230421,54,-434.0,-4897321.0
1578450,20230421,54,-428.0,-4829616.0
1578451,20230421,54,-3565.0,-40227995.0
1578452,20230421,54,-2415.0,-27251222.0
1578453,20230421,54,-10.0,-1128415.0
1578454,20230421,56,-3259.0,-36775045.0
1578455,20230421,56,-34307.0,-387125334.0
1578456,20230421,74,-45538.0,-513857623.0
1578457,20230421,93,-5.0,-5642075.0
1578458,20230421,93,-5.0,-5642075.0
1578459,20230421,93,-5.0,-5642075.0
1578460,20230421,93,-46681.0,-526755406.0
1578461,20230421,93,-46388.0,-52344915.0
1578462,20230421,93,-46285.0,-522286883.0
1578463,20230421,121,-5.0,-5642075.0
1578464,20230421,121,-31302.0,-353216463.0
1578465,20230421,121,-31302.0,-353216463.0
1578466,20230421,125,-2855.0,-322162483.0
1578467,20230421,177,-3732732.0,-421207078.0
1578468,20230421,177,-55131.0,-622106474.0
1578469,20230421,221,-3575.0,-40340836.0
1578470,20230421,221,-7937.0,-89562299.0
1578471,20230421,221,-36109.0,-407459372.0
1578472,20230421,223,-44778.0,-505281669.0
1578473,20230421,237,-4976.0,-5614993.0
1578474,20230421,237,-50264.0,-567186516.0
1578475,20230421,244,-2531089.0,-2856118794.0
1578476,20230421,244,-39132.0,-441571358.0
1578477,20230421,334,-8.0,-902732.0
1578478,20230421,334,-16177.0,-182543695.0
1578479,20230421,346,-28607.0,-322805679.0
1578480,20230421,365,-5.0,-5642075.0
1578481,20230421,365,-6539.0,-73787057.0
1578482,20230421,365,-1308.0,-14759668.0
1578483,20230421,372,-462899.0,-5223421751.0
1578484,20230421,372,-24151.0,-272523507.0
1578485,20230421,383,-787.0,-88806261.0
1578486,20230421,396,-21048.0,-237508789.0
1578487,20230421,428,-8195.0,-92473609.0
1578488,20230421,440,-1417.0,-15989641.0
1578489,20230421,440,-7087.0,-79970771.0
1578490,20230421,456,-19297.0,-217750243.0
1578491,20230421,490,-5.0,-5642075.0
1578492,20230421,490,-18178.0,-205123279.0
1578493,20230421,490,-3848.0,-43421409.0
1578494,20230421,490,-962.0,-10855352.0
1578495,20230421,492,-750341.0,-8466960395.0
1578496,20230421,492,-8.0,-902732.0
1578497,20230421,492,-25845.0,-291638857.0
1583377,20230509,7,-5.0,-5642075.0
1583378,20230509,7,-20546.0,-231844146.0
1583379,20230509,7,-608.0,-6860763.0
1583380,20230509,55,-3089.0,-348567394.0
1583381,20230509,71,-3204.0,-36154417.0
1583382,20230509,71,-32365.0,-365211515.0
1583383,20230509,73,-9248.0,-104355819.0
1583384,20230509,93,-9265.0,-10454765.0
1583385,20230509,93,-46327.0,-522760817.0
1583386,20230509,194,-8245.0,-93037817.0
1583387,20230509,275,-2538.0,-28639173.0
1583388,20230509,275,-273909.0,-3090830242.0
1583389,20230509,275,-25633.0,-289246617.0
1583390,20230509,314,-45288.0,-511036585.0
1583391,20230509,325,-7659.0,-86425305.0
1583392,20230509,370,-1988.0,-2243289.0
1583393,20230509,370,-9941.0,-112175735.0
1583394,20230509,384,-1365.0,-154028648.0
1583395,20230509,396,-1996.0,-22523163.0
1583396,20230509,396,-21015.0,-237136412.0
1583397,20230509,486,-5.0,-5642075.0
1583398,20230509,486,-39424.0,-44486633.0
1583399,20230509,486,-29408.0,-331844283.0
1583400,20230509,486,-9856.0,-111216582.0
1594705,20230502,15,-4191.0,-47291873.0
1594706,20230502,15,-42337.0,-477737059.0
1594707,20230502,19,-3176183.0,-358405254.0
1594708,20230502,19,-499.0,-563079085.0
1594709,20230502,25,-6709.0,-75705362.0
1594710,20230502,25,-70619.0,-796875389.0
1594711,20230502,33,-21275.0,-240070291.0
1594712,20230502,52,-416.0,-46942064.0
1594713,20230502,52,-4157.0,-46908212.0
1594714,20230502,52,-5.0,-5642075.0
1594715,20230502,52,-43788.0,-49411036.0
1594716,20230502,52,-43757.0,-493760552.0
1594717,20230502,73,-5.0,-5642075.0
1594718,20230502,73,-8.0,-902732.0
1594719,20230502,73,-9345.0,-105450382.0
1594720,20230502,73,-9331.0,-105292404.0
1594721,20230502,114,-16091.0,-181573258.0
1594722,20230502,118,-3533.0,-39866902.0
1594723,20230502,125,-8.0,-902732.0
1594724,20230502,125,-2935.0,-331189803.0
1594725,20230502,166,-5.0,-5642075.0
1594726,20230502,166,-35624.0,-40198656.0
1594727,20230502,205,-38855.0,-438445648.0
1607143,20230421,351,-13063.0,-147404851.0
1607144,20230421,358,-57269.0,-646231986.0
1607145,20230421,363,-7237.0,-81663394.0
1607146,20230421,363,-36186.0,-408328252.0
1607147,20230421,375,-2443.0,-27567178.0
1607148,20230421,375,-12213.0,-137813324.0
1607149,20230421,413,-5164.0,-58271351.0
1607150,20230421,430,-589.0,-66463644.0
1607151,20230421,465,-47173.0,-532307208.0
1607152,20230421,472,-8.0,-902732.0
1607153,20230421,472,-14747.0,-16640736.0
1607154,20230421,482,-7667.0,-86515578.0
1607155,20230421,484,-4894.0,-552246301.0
1679368,20230503,11,-2040138.0,-2302122321.0
1679369,20230503,11,-30146.0,-340171986.0
1679370,20230503,71,-3232.0,-36470373.0
1679371,20230503,71,-8.0,-902732.0
1679372,20230503,71,-32645.0,-368371077.0
1679373,20230503,101,-46602.0,-525863958.0
1679374,20230503,244,-1553.0,-17524285.0
1679375,20230503,257,-35367.0,-399086533.0
1679376,20230503,275,-2726.0,-30760593.0
1679377,20230503,275,-27536.0,-310720354.0
1679378,20230503,283,-5.0,-5642075.0
1679379,20230503,283,-10599.0,-119600706.0
1679380,20230503,346,-28607.0,-322805679.0
1679381,20230503,360,-5.0,-5642075.0
1679382,20230503,360,-5.0,-5642075.0
1679383,20230503,360,-12287.0,-138648351.0
1536052,20230420,370,-9947.0,-11224344.0
1536053,20230420,378,-4967.0,-56048373.0
1536054,20230420,380,-8372.0,-94470904.0
1536055,20230420,384,-13674.0,-154299467.0
1536056,20230420,386,-4937.0,-557098486.0
1536057,20230420,399,-7514.0,-84789103.0
1536058,20230420,414,-8.0,-902732.0
1536059,20230420,414,-22311.0,-251760671.0
1536060,20230420,450,-14717.0,-166068836.0
1536061,20230420,451,-19564.0,-220763111.0
1536062,20230420,459,-17602.0,-198623608.0
1536063,20230420,468,-5.0,-5642075.0
1536064,20230420,468,-14388.0,-16235635.0
1536065,20230420,468,-14388.0,-16235635.0
1536066,20230420,486,-4928.0,-556082912.0
1536067,20230420,488,-5.0,-5642075.0
1536068,20230420,488,-5.0,-5642075.0
1536069,20230420,488,-5.0,-5642075.0
1536070,20230420,488,-3142.0,-35454799.0
1536071,20230420,488,-4735.0,-5343045.0
1536072,20230420,488,-4317.0,-48713676.0
1536073,20230420,488,-3709.0,-41852912.0
1536074,20230420,488,-10.0,-1128415.0
1751097,20230516,36,-21914.0,-247280863.0
1751098,20230516,37,-26.0,-2933879.0
1751099,20230516,37,-13001.0,-146705234.0
1751100,20230516,44,-30047.0,-339054855.0
1751101,20230516,50,-45105.0,-508971586.0
1751102,20230516,52,-211.0,-2380956.0
1751103,20230516,52,-2219.0,-25039529.0
1751104,20230516,54,-399.0,-4502376.0
1751105,20230516,54,-98595.0,-1112560769.0
1751106,20230516,54,-4196.0,-47348293.0
1751107,20230516,56,-706.0,-796661.0
1751108,20230516,56,-5.0,-5642075.0
1751109,20230516,56,-53.0,-59806.0
1751110,20230516,56,-7435.0,-83897655.0
1751111,20230516,56,-553.0,-6240135.0
1751112,20230516,74,-1740486.0,-196399051.0
1751113,20230516,74,-45238.0,-510472378.0
1751114,20230516,93,-46327.0,-522760817.0
1751115,20230516,121,-30798.0,-347529252.0
1751116,20230516,125,-29268.0,-330264502.0
1751117,20230516,139,-1995.0,-22511879.0
1751118,20230516,139,-1995.0,-22511879.0
1751119,20230516,139,-5.0,-5642075.0
1751120,20230516,139,-20149.0,-227364338.0
1751121,20230516,139,-20149.0,-227364338.0
1751122,20230516,141,-50.0,-5642075.0
1751123,20230516,141,-7732.0,-87249048.0
1751124,20230516,162,-47556.0,-536629037.0
1751125,20230516,166,-1488171.0,-1679274479.0
1751126,20230516,166,-34462.0,-388874377.0
1751127,20230516,206,-5.0,-5642075.0
1751128,20230516,206,-5.0,-5642075.0
1751129,20230516,206,-26204.0,-295689867.0
1751130,20230516,206,-26126.0,-294809703.0
1751131,20230516,223,-5.0,-5642075.0
1751132,20230516,223,-44703.0,-504435357.0
1751133,20230516,223,-8941.0,-100891585.0
1751134,20230516,263,-39041.0,-4405445.0
1751135,20230516,275,-36.0,-4062294.0
1751136,20230516,275,-3639.0,-41063022.0
1751137,20230516,368,-4625.0,-52189194.0
1751138,20230516,373,-10622.0,-119860241.0
1751139,20230516,386,-5834.0,-65831731.0
1751140,20230516,386,-5826.0,-65741458.0
1751141,20230516,386,-5.0,-5642075.0
1751142,20230516,386,-61406.0,-692914515.0
1751143,20230516,386,-61323.0,-69197793.0
1751144,20230516,387,-5.0,-5642075.0
1751145,20230516,387,-24486.0,-276303697.0
1751146,20230516,387,-4897.0,-55258483.0
1751147,20230516,404,-5802654.0,-6547801813.0
1751148,20230516,404,-71882.0,-81112727.0
1751149,20230516,448,-24883.0,-280783504.0
1751150,20230516,463,-3324345.0,-3751240763.0
1751151,20230516,463,-36458.0,-411397541.0
1751152,20230516,465,-46225.0,-521609834.0
1751153,20230516,498,-5482.0,-6185971.0
1753104,20230516,6,-12406.0,-139991165.0
1753105,20230516,12,-41767.0,-471305093.0
1753106,20230516,15,-4116.0,-46445561.0
1753107,20230516,15,-219359.0,-247527986.0
1753108,20230516,15,-41574.0,-469127252.0
1753109,20230516,25,-6709.0,-75705362.0
1753110,20230516,25,-70619.0,-796875389.0
1753111,20230516,27,-5.0,-5642075.0
1753112,20230516,27,-942.0,-106296693.0
1753113,20230516,27,-566.0,-6386829.0
1753114,20230516,42,-3464.0,-39088296.0
1753115,20230516,42,-5.0,-5642075.0
1753116,20230516,42,-34994.0,-394877545.0
1753117,20230516,42,-18891.0,-213168878.0
1753118,20230516,49,-26578.0,-299910139.0
1753119,20230516,64,-4075.0,-45982911.0
1753120,20230516,64,-1139693.0,-1286046677.0
1753121,20230516,64,-41161.0,-464466898.0
1753122,20230516,65,-2583.0,-29146959.0
1753123,20230516,65,-5.0,-5642075.0
1753124,20230516,65,-26086.0,-294358337.0
1753125,20230516,65,-5734.0,-64703316.0
1753126,20230516,71,-3177.0,-35849745.0
1753127,20230516,71,-32088.0,-362085805.0
1753128,20230516,73,-1833.0,-20683847.0
1753129,20230516,73,-9166.0,-103430519.0
1753130,20230516,101,-5.0,-5642075.0
1753131,20230516,101,-46602.0,-525863958.0
1753132,20230516,101,-46396.0,-523539423.0
1753133,20230516,112,-6288.0,-70954735.0
1753134,20230516,112,-63514.0,-716701503.0
1753135,20230516,145,-576.0,-649967.0
1753136,20230516,145,-5814.0,-65606048.0
1753137,20230516,183,-3533.0,-39866902.0
1753138,20230516,183,-5.0,-5642075.0
1753139,20230516,183,-35682.0,-40264104.0
1753140,20230516,183,-7843.0,-88501588.0
1753141,20230516,194,-5.0,-5642075.0
1753142,20230516,194,-5.0,-5642075.0
1753143,20230516,194,-5.0,-5642075.0
1753144,20230516,194,-349.0,-3938168.0
1753145,20230516,194,-53.0,-59806.0
1753146,20230516,194,-342.0,-3859179.0
1753147,20230516,194,-211.0,-2380956.0
1753148,20230516,194,-65.0,-73347.0
1753149,20230516,205,-38855.0,-438445648.0
1753150,20230516,219,-5.0,-5642075.0
1753151,20230516,219,-5.0,-5642075.0
1753152,20230516,219,-5.0,-5642075.0
1753153,20230516,219,-5.0,-5642075.0
1753154,20230516,219,-5.0,-5642075.0
1753155,20230516,219,-5.0,-5642075.0
1753156,20230516,219,-24541.0,-276924325.0
1753157,20230516,219,-24473.0,-276157003.0
1753158,20230516,219,-24407.0,-275412249.0
1753159,20230516,220,-2724.0,-307380246.0
1753160,20230516,237,-4939.0,-55732417.0
1753161,20230516,237,-49885.0,-562909823.0
1753162,20230516,269,-58054.0,-655090044.0
1753163,20230516,271,-21033.0,-237339527.0
1753164,20230516,279,-5.0,-5642075.0
1753165,20230516,279,-18765.0,-211747075.0
1753166,20230516,279,-18765.0,-211747075.0
1753167,20230516,325,-7659.0,-86425305.0
1753168,20230516,326,-587.0,-6623796.0
1753169,20230516,326,-5928.0,-66892441.0
1753170,20230516,341,-1145511.0,-1292611795.0
1753171,20230516,341,-18758.0,-211668086.0
1753172,20230516,342,-52173.0,-588727958.0
1753173,20230516,358,-5.0,-5642075.0
1753174,20230516,358,-56632.0,-639043983.0
1753175,20230516,358,-56392.0,-636335787.0
1753176,20230516,360,-8.0,-902732.0
1753177,20230516,360,-11438.0,-129068108.0
1753178,20230516,365,-6529.0,-73674215.0
1753179,20230516,370,-155582.0,-1755610625.0
1753180,20230516,370,-994.0,-112164451.0
1753181,20230516,375,-1139.0,-12852647.0
1753182,20230516,375,-11987.0,-135263106.0
1753183,20230516,380,-8364.0,-94380631.0
1753184,20230516,383,-7694.0,-8682025.0
1753185,20230516,391,-5.0,-5642075.0
1753186,20230516,391,-31583.0,-356387309.0
1753187,20230516,391,-12748.0,-143850344.0
1753188,20230516,392,-1200478.0,-1354637382.0
1753189,20230516,392,-19431.0,-219262319.0
1753190,20230516,393,-3012.0,-3398786.0
1753191,20230516,393,-3171.0,-357820397.0
1753192,20230516,394,-15067.0,-170018288.0
1753193,20230516,396,-1996.0,-22523163.0
1753194,20230516,396,-21015.0,-237136412.0
1753195,20230516,399,-713.0,-8045599.0
1753196,20230516,399,-705.0,-7955326.0
1753197,20230516,399,-5.0,-5642075.0
1753198,20230516,399,-5.0,-5642075.0
1753199,20230516,399,-5.0,-5642075.0
1753200,20230516,399,-5.0,-5642075.0
1753201,20230516,399,-7514.0,-84789103.0
1753202,20230516,399,-7514.0,-84789103.0
1753203,20230516,399,-7506.0,-8469883.0
1753204,20230516,399,-7419.0,-83717109.0
1753205,20230516,400,-27764.0,-313293141.0
1753206,20230516,418,-16909.0,-190803692.0
1753207,20230516,422,-2903227.0,-3276044895.0
1753208,20230516,422,-34623.0,-390691125.0
1753209,20230516,424,-6889.0,-77736509.0
1753210,20230516,428,-7954.0,-89754129.0
1753211,20230516,433,-1047.0,-11814505.0
1753212,20230516,433,-1043.0,-11769368.0
1753213,20230516,433,-5.0,-5642075.0
1753214,20230516,433,-5.0,-5642075.0
1753215,20230516,433,-5.0,-5642075.0
1753216,20230516,433,-11022.0,-124373901.0
1753217,20230516,433,-10979.0,-123888683.0
1753218,20230516,435,-2899.0,-32712751.0
1753219,20230516,440,-7045.0,-79496837.0
1753220,20230516,442,-3299.0,-37226411.0
1753221,20230516,442,-16495.0,-186132054.0
1753222,20230516,444,-5.0,-5642075.0
1753223,20230516,444,-2251.0,-25400622.0
1753224,20230516,444,-5398.0,-60911842.0
1753225,20230516,444,-4776.0,-538931.0
1753226,20230516,444,-58.0,-6544807.0
1753227,20230516,446,-1671.0,-18855815.0
1753228,20230516,451,-3396.0,-38320973.0
1753229,20230516,454,-30936.0,-349086464.0
1753230,20230516,456,-5.0,-5642075.0
1753231,20230516,456,-5.0,-5642075.0
1753232,20230516,456,-5.0,-5642075.0
1753233,20230516,456,-19278.0,-217535844.0
1753234,20230516,456,-18743.0,-211498823.0
1753235,20230516,456,-3856.0,-43511682.0
1753236,20230516,457,-5.0,-5642075.0
1753237,20230516,457,-68972.0,-778290394.0
1753238,20230516,457,-16691.0,-188343748.0
1753239,20230516,459,-5.0,-5642075.0
1753240,20230516,459,-5.0,-5642075.0
1753241,20230516,459,-5.0,-5642075.0
1753242,20230516,459,-17571.0,-1982738.0
1753243,20230516,459,-17571.0,-1982738.0
1753244,20230516,459,-17385.0,-196174948.0
1753245,20230516,466,-372.0,-4197704.0
1753246,20230516,466,-8.0,-902732.0
1753247,20230516,466,-3918.0,-442113.0
1753248,20230516,468,-14329.0,-161690585.0
1753249,20230516,472,-13717.0,-154784686.0
1753250,20230516,474,-1183.0,-13349149.0
1753251,20230516,474,-5.0,-5642075.0
1753252,20230516,474,-12457.0,-140566657.0
1753253,20230516,474,-2728.0,-30783161.0
1753254,20230516,480,-4036.0,-455428294.0
1753255,20230516,482,-7326.0,-82667683.0
1594728,20230502,263,-8.0,-902732.0
1594729,20230502,263,-39842.0,-449583104.0
1594730,20230502,271,-21179.0,-238987013.0
1594731,20230502,279,-19043.0,-214884068.0
1594732,20230502,322,-15303.0,-172681347.0
1594733,20230502,325,-8102.0,-91424183.0
1594734,20230502,375,-11413.0,-128786004.0
1594735,20230502,380,-8364.0,-94380631.0
1594736,20230502,400,-27764.0,-313293141.0
1594737,20230502,410,-5224.0,-589484.0
1594738,20230502,418,-21136.0,-238501794.0
1594739,20230502,440,-6276.0,-70819325.0
1594740,20230502,450,-2934.0,-33107696.0
1594741,20230502,450,-14669.0,-165527196.0
1594742,20230502,452,-37453.0,-42262527.0
1594743,20230502,454,-8.0,-902732.0
1594744,20230502,454,-30936.0,-349086464.0
1594745,20230502,456,-15422.0,-174024161.0
1594746,20230502,472,-14724.0,-166147825.0
1594747,20230502,480,-4036.0,-455428294.0
1740983,20230509,12,-41767.0,-471305093.0
1740984,20230509,37,-1834345.0,-2069902413.0
1740985,20230509,37,-38913.0,-439100129.0
1740986,20230509,125,-29268.0,-330264502.0
1740987,20230509,177,-5.0,-5642075.0
1740988,20230509,177,-22886.0,-258249057.0
1740989,20230509,177,-64.0,-7221856.0
1740990,20230509,223,-35762.0,-403543772.0
1740991,20230509,373,-10622.0,-119860241.0
1753256,20230516,486,-19797.0,-223392318.0
1753257,20230516,488,-4635.0,-52302035.0
1753258,20230516,494,-6754.0,-76213149.0
1761543,20230517,14,-4003236.0,-4517311551.0
1761544,20230517,14,-55695.0,-628470734.0
1761545,20230517,95,-25449.0,-287170333.0
1761546,20230517,314,-45033.0,-508159127.0
1761547,20230517,322,-15237.0,-171936594.0
1761548,20230517,346,-28268.0,-318980352.0
1761549,20230517,355,-5.0,-5642075.0
1761550,20230517,355,-7222.0,-81494131.0
1761551,20230517,355,-7222.0,-81494131.0
1740992,20230509,414,-4454.0,-50259604.0
1740993,20230509,451,-1345496.0,-1518277869.0
1740994,20230509,451,-19516.0,-220221471.0
1740995,20230509,474,-1183.0,-13349149.0
1740996,20230509,474,-9729.0,-109783495.0
1740997,20230509,484,-8.0,-902732.0
1740998,20230509,484,-48665.0,-54914316.0
1740999,20230509,498,-5482.0,-6185971.0
1679384,20230503,360,-11988.0,-13527439.0
1679385,20230503,363,-36116.0,-407538361.0
1679386,20230503,367,-668612.0,-75447181.0
1679387,20230503,367,-18118.0,-20444623.0
1679388,20230503,413,-85337.0,-962955509.0
1679389,20230503,413,-5161.0,-58237498.0
1679390,20230503,414,-17818.0,-201060985.0
1679391,20230503,442,-5.0,-5642075.0
1679392,20230503,442,-16593.0,-187237901.0
1679393,20230503,442,-16539.0,-186628557.0
1679394,20230503,446,-5.0,-5642075.0
1679395,20230503,446,-5.0,-5642075.0
1679396,20230503,446,-5.0,-5642075.0
1679397,20230503,446,-7671.0,-86560715.0
1679398,20230503,446,-7671.0,-86560715.0
1679399,20230503,446,-7637.0,-86177054.0
1034893,20230124,448,-24645.0,-278097877.0
1035564,20230126,55,-38242.0,-431528464.0
1035565,20230126,182,-100.0,-1128415.0
1035566,20230126,363,-36101.0,-407369099.0
1035567,20230126,386,-60866.0,-686821074.0
1035568,20230126,452,-37325.0,-421180899.0
1035569,20230126,454,-30709.0,-346524962.0
1035570,20230126,482,-337.0,-3802759.0
1035571,20230126,482,-7663.0,-86470441.0
1789255,20230519,24,-377.0,-42541246.0
1789256,20230519,24,-39685.0,-447811493.0
1789257,20230519,217,-5.0,-5642075.0
1789258,20230519,217,-25717.0,-290194486.0
1789259,20230519,377,-4858371.0,-5482258712.0
1789260,20230519,377,-64728.0,-730400461.0
1789261,20230519,382,-4989.0,-56296624.0
1789262,20230519,417,-12629.0,-14250753.0
1789263,20230519,484,-48665.0,-54914316.0
