night_id,resident_id,resident_profile,date,period,datetime,hour,alarm_type,triggered_by,alarm_duration_s,silenced_within_30s,response_min,awoke_resident
1,3,restless_1,2026-01-01,Baseline,2026-01-02 04:23:00,4,actual,actual_bed_exit,432,0,3.3,1
1,2,night_waker,2026-01-01,Baseline,2026-01-02 04:59:00,4,actual,actual_bed_exit,208,0,4.5,1
1,2,night_waker,2026-01-01,Baseline,2026-01-02 01:58:00,1,actual,actual_bed_exit,311,0,3.2,1
1,2,night_waker,2026-01-01,Baseline,2026-01-02 00:50:00,0,actual,actual_bed_exit,303,0,7.9,1
1,3,restless_1,2026-01-01,Baseline,2026-01-02 03:17:00,3,false_positive,blanket_adjustment,28,1,4.4,1
1,4,restless_2,2026-01-01,Baseline,2026-01-02 00:46:00,0,false_positive,turning_in_bed,22,1,3.1,1
1,2,night_waker,2026-01-01,Baseline,2026-01-01 23:03:00,23,false_positive,drinking_water,12,1,2.8,1
1,4,restless_2,2026-01-01,Baseline,2026-01-01 23:33:00,23,false_positive,staff_passing,14,1,4.2,1
1,3,restless_1,2026-01-01,Baseline,2026-01-02 00:39:00,0,false_positive,blanket_adjustment,26,1,3.6,1
1,4,restless_2,2026-01-01,Baseline,2026-01-02 02:44:00,2,false_positive,staff_passing,8,1,3.8,0
1,2,night_waker,2026-01-01,Baseline,2026-01-02 05:23:00,5,false_positive,scratching,5,1,1.7,1
1,4,restless_2,2026-01-01,Baseline,2026-01-02 03:57:00,3,false_positive,blanket_adjustment,7,1,4.0,1
1,3,restless_1,2026-01-01,Baseline,2026-01-02 00:23:00,0,false_positive,turning_in_bed,21,1,3.1,0
1,4,restless_2,2026-01-01,Baseline,2026-01-02 02:02:00,2,false_positive,drinking_water,24,1,3.0,1
1,3,restless_1,2026-01-01,Baseline,2026-01-02 01:41:00,1,false_positive,drinking_water,15,1,1.7,1
1,4,restless_2,2026-01-01,Baseline,2026-01-02 01:36:00,1,false_positive,blanket_adjustment,11,1,2.4,1
1,3,restless_1,2026-01-01,Baseline,2026-01-02 00:21:00,0,false_positive,turning_in_bed,27,1,3.2,0
2,2,night_waker,2026-01-02,Baseline,2026-01-03 04:54:00,4,actual,actual_bed_exit,550,0,4.6,0
2,4,restless_2,2026-01-02,Baseline,2026-01-03 00:40:00,0,false_positive,drinking_water,12,1,1.6,1
2,3,restless_1,2026-01-02,Baseline,2026-01-03 01:23:00,1,false_positive,blanket_adjustment,28,1,2.1,1
2,4,restless_2,2026-01-02,Baseline,2026-01-03 02:51:00,2,false_positive,drinking_water,11,1,3.4,1
2,3,restless_1,2026-01-02,Baseline,2026-01-02 23:01:00,23,false_positive,staff_passing,17,1,1.2,0
2,2,night_waker,2026-01-02,Baseline,2026-01-03 04:43:00,4,false_positive,turning_in_bed,16,1,2.9,1
2,3,restless_1,2026-01-02,Baseline,2026-01-02 22:37:00,22,false_positive,drinking_water,14,1,3.2,1
2,4,restless_2,2026-01-02,Baseline,2026-01-03 01:59:00,1,false_positive,turning_in_bed,17,1,3.4,1
2,4,restless_2,2026-01-02,Baseline,2026-01-03 00:18:00,0,false_positive,turning_in_bed,13,1,1.3,1
2,4,restless_2,2026-01-02,Baseline,2026-01-03 01:10:00,1,false_positive,drinking_water,13,1,1.4,1
2,4,restless_2,2026-01-02,Baseline,2026-01-03 03:25:00,3,false_positive,turning_in_bed,29,1,2.8,0
2,3,restless_1,2026-01-02,Baseline,2026-01-03 05:31:00,5,false_positive,staff_passing,20,1,2.2,0
2,4,restless_2,2026-01-02,Baseline,2026-01-03 02:55:00,2,false_positive,scratching,27,1,4.0,1
2,3,restless_1,2026-01-02,Baseline,2026-01-03 03:47:00,3,false_positive,blanket_adjustment,7,1,3.3,0
2,4,restless_2,2026-01-02,Baseline,2026-01-02 23:15:00,23,false_positive,drinking_water,29,1,1.6,0
3,2,night_waker,2026-01-03,Baseline,2026-01-04 03:47:00,3,actual,actual_bed_exit,164,0,4.8,1
3,3,restless_1,2026-01-03,Baseline,2026-01-04 00:53:00,0,false_positive,staff_passing,27,1,2.5,0
3,4,restless_2,2026-01-03,Baseline,2026-01-04 02:59:00,2,false_positive,blanket_adjustment,23,1,2.0,0
3,4,restless_2,2026-01-03,Baseline,2026-01-04 02:28:00,2,false_positive,turning_in_bed,11,1,4.1,1
3,3,restless_1,2026-01-03,Baseline,2026-01-04 04:30:00,4,false_positive,turning_in_bed,29,1,4.0,0
3,3,restless_1,2026-01-03,Baseline,2026-01-04 01:17:00,1,false_positive,scratching,18,1,4.3,1
3,4,restless_2,2026-01-03,Baseline,2026-01-04 02:21:00,2,false_positive,turning_in_bed,13,1,1.9,0
3,2,night_waker,2026-01-03,Baseline,2026-01-04 00:53:00,0,false_positive,scratching,13,1,2.0,1
3,4,restless_2,2026-01-03,Baseline,2026-01-04 03:57:00,3,false_positive,scratching,5,1,3.2,0
3,2,night_waker,2026-01-03,Baseline,2026-01-03 22:50:00,22,false_positive,drinking_water,13,1,2.3,0
3,3,restless_1,2026-01-03,Baseline,2026-01-04 02:21:00,2,false_positive,turning_in_bed,19,1,1.1,0
3,2,night_waker,2026-01-03,Baseline,2026-01-04 03:32:00,3,false_positive,drinking_water,25,1,2.0,1
3,2,night_waker,2026-01-03,Baseline,2026-01-04 01:29:00,1,false_positive,scratching,18,1,3.2,1
3,3,restless_1,2026-01-03,Baseline,2026-01-04 05:16:00,5,false_positive,drinking_water,14,1,2.5,1
3,2,night_waker,2026-01-03,Baseline,2026-01-04 00:08:00,0,false_positive,turning_in_bed,22,1,1.2,1
3,2,night_waker,2026-01-03,Baseline,2026-01-04 01:24:00,1,false_positive,turning_in_bed,21,1,2.0,1
3,4,restless_2,2026-01-03,Baseline,2026-01-04 02:54:00,2,false_positive,blanket_adjustment,6,1,3.0,0
4,4,restless_2,2026-01-04,Baseline,2026-01-05 01:04:00,1,actual,actual_bed_exit,347,0,3.5,1
4,3,restless_1,2026-01-04,Baseline,2026-01-05 01:22:00,1,false_positive,turning_in_bed,6,1,4.3,1
4,4,restless_2,2026-01-04,Baseline,2026-01-05 00:31:00,0,false_positive,turning_in_bed,26,1,3.3,0
4,1,still,2026-01-04,Baseline,2026-01-04 22:31:00,22,false_positive,blanket_adjustment,28,1,3.0,0
4,3,restless_1,2026-01-04,Baseline,2026-01-05 02:36:00,2,false_positive,drinking_water,20,1,3.9,1
4,3,restless_1,2026-01-04,Baseline,2026-01-04 23:45:00,23,false_positive,turning_in_bed,5,1,1.3,1
4,4,restless_2,2026-01-04,Baseline,2026-01-04 22:25:00,22,false_positive,turning_in_bed,13,1,1.9,1
4,4,restless_2,2026-01-04,Baseline,2026-01-05 02:55:00,2,false_positive,turning_in_bed,23,1,3.8,0
4,4,restless_2,2026-01-04,Baseline,2026-01-04 23:48:00,23,false_positive,scratching,23,1,1.4,0
4,3,restless_1,2026-01-04,Baseline,2026-01-05 02:11:00,2,false_positive,scratching,15,1,3.6,1
4,3,restless_1,2026-01-04,Baseline,2026-01-04 23:47:00,23,false_positive,scratching,14,1,2.0,0
4,4,restless_2,2026-01-04,Baseline,2026-01-04 22:08:00,22,false_positive,staff_passing,12,1,4.3,1
5,4,restless_2,2026-01-05,Baseline,2026-01-06 03:56:00,3,actual,actual_bed_exit,174,0,7.7,1
5,2,night_waker,2026-01-05,Baseline,2026-01-06 05:34:00,5,actual,actual_bed_exit,546,0,4.8,0
5,3,restless_1,2026-01-05,Baseline,2026-01-05 23:43:00,23,actual,actual_bed_exit,536,0,7.2,1
5,4,restless_2,2026-01-05,Baseline,2026-01-06 00:01:00,0,false_positive,drinking_water,7,1,1.3,1
5,4,restless_2,2026-01-05,Baseline,2026-01-06 00:06:00,0,false_positive,drinking_water,29,1,3.6,0
5,3,restless_1,2026-01-05,Baseline,2026-01-05 22:26:00,22,false_positive,scratching,11,1,2.2,1
5,3,restless_1,2026-01-05,Baseline,2026-01-06 00:19:00,0,false_positive,drinking_water,7,1,1.4,1
5,4,restless_2,2026-01-05,Baseline,2026-01-06 03:59:00,3,false_positive,blanket_adjustment,12,1,4.0,0
5,4,restless_2,2026-01-05,Baseline,2026-01-06 04:46:00,4,false_positive,turning_in_bed,27,1,2.8,1
5,4,restless_2,2026-01-05,Baseline,2026-01-05 22:17:00,22,false_positive,blanket_adjustment,9,1,1.8,0
5,3,restless_1,2026-01-05,Baseline,2026-01-06 05:22:00,5,false_positive,blanket_adjustment,6,1,2.0,1
5,4,restless_2,2026-01-05,Baseline,2026-01-06 04:07:00,4,false_positive,drinking_water,9,1,3.3,0
5,3,restless_1,2026-01-05,Baseline,2026-01-06 00:35:00,0,false_positive,turning_in_bed,29,1,3.4,1
5,4,restless_2,2026-01-05,Baseline,2026-01-06 00:28:00,0,false_positive,scratching,8,1,1.3,1
5,4,restless_2,2026-01-05,Baseline,2026-01-06 01:09:00,1,false_positive,blanket_adjustment,28,1,4.0,0
5,4,restless_2,2026-01-05,Baseline,2026-01-05 22:31:00,22,false_positive,drinking_water,29,1,2.3,1
5,3,restless_1,2026-01-05,Baseline,2026-01-06 01:32:00,1,false_positive,scratching,16,1,2.5,0
5,4,restless_2,2026-01-05,Baseline,2026-01-05 22:30:00,22,false_positive,scratching,23,1,4.2,1
6,2,night_waker,2026-01-06,Baseline,2026-01-07 00:00:00,0,actual,actual_bed_exit,442,0,6.1,1
6,3,restless_1,2026-01-06,Baseline,2026-01-06 23:33:00,23,actual,actual_bed_exit,348,0,7.2,1
6,4,restless_2,2026-01-06,Baseline,2026-01-07 03:29:00,3,actual,actual_bed_exit,540,0,5.0,0
6,4,restless_2,2026-01-06,Baseline,2026-01-06 22:01:00,22,false_positive,scratching,25,1,4.2,1
6,4,restless_2,2026-01-06,Baseline,2026-01-07 05:14:00,5,false_positive,blanket_adjustment,15,1,4.2,0
6,3,restless_1,2026-01-06,Baseline,2026-01-07 01:54:00,1,false_positive,scratching,18,1,3.4,1
6,4,restless_2,2026-01-06,Baseline,2026-01-07 01:19:00,1,false_positive,scratching,16,1,4.4,1
6,3,restless_1,2026-01-06,Baseline,2026-01-07 00:50:00,0,false_positive,blanket_adjustment,18,1,2.6,1
6,2,night_waker,2026-01-06,Baseline,2026-01-07 01:03:00,1,false_positive,blanket_adjustment,13,1,4.1,1
6,2,night_waker,2026-01-06,Baseline,2026-01-07 02:18:00,2,false_positive,turning_in_bed,25,1,2.2,0
6,3,restless_1,2026-01-06,Baseline,2026-01-06 22:11:00,22,false_positive,drinking_water,10,1,2.3,1
6,4,restless_2,2026-01-06,Baseline,2026-01-07 02:56:00,2,false_positive,turning_in_bed,22,1,2.8,0
6,4,restless_2,2026-01-06,Baseline,2026-01-07 00:07:00,0,false_positive,turning_in_bed,23,1,1.6,0
6,4,restless_2,2026-01-06,Baseline,2026-01-07 00:22:00,0,false_positive,drinking_water,18,1,3.5,0
6,4,restless_2,2026-01-06,Baseline,2026-01-06 23:22:00,23,false_positive,turning_in_bed,17,1,2.9,0
6,3,restless_1,2026-01-06,Baseline,2026-01-07 01:24:00,1,false_positive,drinking_water,23,1,1.6,1
7,2,night_waker,2026-01-07,Baseline,2026-01-08 01:09:00,1,actual,actual_bed_exit,498,0,5.5,0
7,4,restless_2,2026-01-07,Baseline,2026-01-08 01:48:00,1,false_positive,blanket_adjustment,19,1,2.3,0
7,3,restless_1,2026-01-07,Baseline,2026-01-08 04:58:00,4,false_positive,blanket_adjustment,29,1,3.1,0
7,3,restless_1,2026-01-07,Baseline,2026-01-07 23:03:00,23,false_positive,turning_in_bed,26,1,1.3,1
7,2,night_waker,2026-01-07,Baseline,2026-01-07 22:30:00,22,false_positive,scratching,15,1,4.4,0
7,4,restless_2,2026-01-07,Baseline,2026-01-08 01:05:00,1,false_positive,staff_passing,29,1,2.7,1
7,3,restless_1,2026-01-07,Baseline,2026-01-08 03:25:00,3,false_positive,blanket_adjustment,11,1,3.7,0
7,3,restless_1,2026-01-07,Baseline,2026-01-08 00:48:00,0,false_positive,drinking_water,18,1,3.5,1
7,4,restless_2,2026-01-07,Baseline,2026-01-07 22:12:00,22,false_positive,drinking_water,18,1,1.2,0
7,4,restless_2,2026-01-07,Baseline,2026-01-07 23:12:00,23,false_positive,turning_in_bed,22,1,1.3,0
7,3,restless_1,2026-01-07,Baseline,2026-01-07 22:37:00,22,false_positive,turning_in_bed,15,1,2.2,1
7,2,night_waker,2026-01-07,Baseline,2026-01-08 03:55:00,3,false_positive,staff_passing,29,1,1.7,0
7,1,still,2026-01-07,Baseline,2026-01-08 04:28:00,4,false_positive,blanket_adjustment,8,1,3.8,0
7,4,restless_2,2026-01-07,Baseline,2026-01-07 23:58:00,23,false_positive,turning_in_bed,20,1,4.2,0
7,3,restless_1,2026-01-07,Baseline,2026-01-08 02:39:00,2,false_positive,blanket_adjustment,14,1,2.6,0
7,3,restless_1,2026-01-07,Baseline,2026-01-08 03:32:00,3,false_positive,drinking_water,14,1,2.9,0
7,3,restless_1,2026-01-07,Baseline,2026-01-08 00:02:00,0,false_positive,drinking_water,20,1,2.2,0
7,3,restless_1,2026-01-07,Baseline,2026-01-08 03:38:00,3,false_positive,blanket_adjustment,19,1,4.5,1
7,2,night_waker,2026-01-07,Baseline,2026-01-08 02:03:00,2,false_positive,scratching,19,1,3.7,1
8,4,restless_2,2026-01-08,Baseline,2026-01-09 01:04:00,1,actual,actual_bed_exit,353,0,5.0,1
8,3,restless_1,2026-01-08,Baseline,2026-01-08 22:35:00,22,actual,actual_bed_exit,380,0,4.3,1
8,3,restless_1,2026-01-08,Baseline,2026-01-08 23:07:00,23,false_positive,scratching,15,1,2.0,1
8,2,night_waker,2026-01-08,Baseline,2026-01-09 04:32:00,4,false_positive,turning_in_bed,5,1,4.1,1
8,4,restless_2,2026-01-08,Baseline,2026-01-09 02:07:00,2,false_positive,blanket_adjustment,21,1,3.7,0
8,2,night_waker,2026-01-08,Baseline,2026-01-08 22:40:00,22,false_positive,turning_in_bed,28,1,2.6,0
8,2,night_waker,2026-01-08,Baseline,2026-01-09 05:56:00,5,false_positive,scratching,13,1,2.1,0
8,4,restless_2,2026-01-08,Baseline,2026-01-09 02:09:00,2,false_positive,drinking_water,25,1,1.0,0
8,4,restless_2,2026-01-08,Baseline,2026-01-09 01:01:00,1,false_positive,drinking_water,16,1,2.7,1
8,4,restless_2,2026-01-08,Baseline,2026-01-09 02:53:00,2,false_positive,turning_in_bed,9,1,2.7,1
8,3,restless_1,2026-01-08,Baseline,2026-01-09 04:21:00,4,false_positive,drinking_water,10,1,1.7,1
8,3,restless_1,2026-01-08,Baseline,2026-01-09 05:21:00,5,false_positive,drinking_water,7,1,4.5,1
8,4,restless_2,2026-01-08,Baseline,2026-01-09 02:58:00,2,false_positive,turning_in_bed,24,1,2.2,1
8,4,restless_2,2026-01-08,Baseline,2026-01-09 02:18:00,2,false_positive,drinking_water,6,1,3.7,1
8,3,restless_1,2026-01-08,Baseline,2026-01-09 01:37:00,1,false_positive,drinking_water,24,1,1.4,0
8,3,restless_1,2026-01-08,Baseline,2026-01-08 22:18:00,22,false_positive,scratching,21,1,2.4,0
8,4,restless_2,2026-01-08,Baseline,2026-01-08 23:00:00,23,false_positive,blanket_adjustment,18,1,1.9,0
8,3,restless_1,2026-01-08,Baseline,2026-01-09 01:36:00,1,false_positive,blanket_adjustment,9,1,3.3,0
8,4,restless_2,2026-01-08,Baseline,2026-01-08 22:55:00,22,false_positive,turning_in_bed,25,1,4.4,1
8,3,restless_1,2026-01-08,Baseline,2026-01-08 23:17:00,23,false_positive,drinking_water,5,1,1.3,0
8,3,restless_1,2026-01-08,Baseline,2026-01-08 22:59:00,22,false_positive,turning_in_bed,22,1,4.2,1
8,3,restless_1,2026-01-08,Baseline,2026-01-09 00:54:00,0,false_positive,scratching,11,1,3.2,1
8,3,restless_1,2026-01-08,Baseline,2026-01-09 01:51:00,1,false_positive,drinking_water,29,1,3.7,0
8,3,restless_1,2026-01-08,Baseline,2026-01-09 02:31:00,2,false_positive,staff_passing,15,1,1.1,0
8,3,restless_1,2026-01-08,Baseline,2026-01-09 01:53:00,1,false_positive,blanket_adjustment,21,1,2.5,0
9,3,restless_1,2026-01-09,Baseline,2026-01-10 01:52:00,1,actual,actual_bed_exit,125,0,3.7,1
9,3,restless_1,2026-01-09,Baseline,2026-01-10 04:11:00,4,actual,actual_bed_exit,423,0,5.5,1
9,2,night_waker,2026-01-09,Baseline,2026-01-10 03:57:00,3,actual,actual_bed_exit,322,0,4.8,1
9,2,night_waker,2026-01-09,Baseline,2026-01-10 00:50:00,0,actual,actual_bed_exit,237,0,4.9,1
9,3,restless_1,2026-01-09,Baseline,2026-01-10 01:38:00,1,actual,actual_bed_exit,412,0,7.7,1
9,2,night_waker,2026-01-09,Baseline,2026-01-10 05:55:00,5,actual,actual_bed_exit,223,0,3.2,1
9,3,restless_1,2026-01-09,Baseline,2026-01-10 02:44:00,2,false_positive,turning_in_bed,8,1,3.2,1
9,3,restless_1,2026-01-09,Baseline,2026-01-10 00:42:00,0,false_positive,drinking_water,19,1,2.6,0
9,4,restless_2,2026-01-09,Baseline,2026-01-09 22:37:00,22,false_positive,turning_in_bed,19,1,2.3,0
9,4,restless_2,2026-01-09,Baseline,2026-01-10 04:54:00,4,false_positive,turning_in_bed,18,1,1.3,1
9,4,restless_2,2026-01-09,Baseline,2026-01-10 03:36:00,3,false_positive,blanket_adjustment,22,1,4.0,0
9,4,restless_2,2026-01-09,Baseline,2026-01-10 01:44:00,1,false_positive,turning_in_bed,21,1,1.2,1
9,3,restless_1,2026-01-09,Baseline,2026-01-10 05:06:00,5,false_positive,blanket_adjustment,5,1,3.4,0
9,4,restless_2,2026-01-09,Baseline,2026-01-10 04:17:00,4,false_positive,staff_passing,23,1,1.2,1
9,4,restless_2,2026-01-09,Baseline,2026-01-10 01:23:00,1,false_positive,blanket_adjustment,10,1,1.4,0
9,4,restless_2,2026-01-09,Baseline,2026-01-10 02:43:00,2,false_positive,turning_in_bed,19,1,3.8,1
10,2,night_waker,2026-01-10,Baseline,2026-01-10 23:28:00,23,actual,actual_bed_exit,488,0,5.0,1
10,4,restless_2,2026-01-10,Baseline,2026-01-11 02:46:00,2,actual,actual_bed_exit,311,0,3.5,1
10,3,restless_1,2026-01-10,Baseline,2026-01-11 02:48:00,2,actual,actual_bed_exit,173,0,4.8,1
10,2,night_waker,2026-01-10,Baseline,2026-01-11 00:24:00,0,actual,actual_bed_exit,253,0,7.6,0
10,2,night_waker,2026-01-10,Baseline,2026-01-10 23:03:00,23,actual,actual_bed_exit,224,0,7.7,1
10,4,restless_2,2026-01-10,Baseline,2026-01-10 22:45:00,22,false_positive,drinking_water,20,1,4.2,1
10,3,restless_1,2026-01-10,Baseline,2026-01-11 03:28:00,3,false_positive,turning_in_bed,21,1,3.1,1
10,3,restless_1,2026-01-10,Baseline,2026-01-11 00:48:00,0,false_positive,turning_in_bed,28,1,3.9,1
10,3,restless_1,2026-01-10,Baseline,2026-01-11 02:19:00,2,false_positive,turning_in_bed,29,1,1.6,0
10,2,night_waker,2026-01-10,Baseline,2026-01-11 03:31:00,3,false_positive,blanket_adjustment,16,1,3.2,1
10,4,restless_2,2026-01-10,Baseline,2026-01-10 22:10:00,22,false_positive,scratching,26,1,1.9,0
10,4,restless_2,2026-01-10,Baseline,2026-01-11 03:08:00,3,false_positive,staff_passing,13,1,4.3,1
10,1,still,2026-01-10,Baseline,2026-01-11 00:58:00,0,false_positive,turning_in_bed,23,1,2.7,0
10,2,night_waker,2026-01-10,Baseline,2026-01-11 00:16:00,0,false_positive,blanket_adjustment,6,1,4.1,1
10,4,restless_2,2026-01-10,Baseline,2026-01-11 04:39:00,4,false_positive,blanket_adjustment,19,1,1.9,1
10,4,restless_2,2026-01-10,Baseline,2026-01-11 03:58:00,3,false_positive,blanket_adjustment,9,1,2.2,0
10,4,restless_2,2026-01-10,Baseline,2026-01-11 04:59:00,4,false_positive,turning_in_bed,8,1,4.1,1
10,2,night_waker,2026-01-10,Baseline,2026-01-10 22:42:00,22,false_positive,scratching,10,1,4.2,0
10,3,restless_1,2026-01-10,Baseline,2026-01-11 01:01:00,1,false_positive,scratching,12,1,3.2,1
10,4,restless_2,2026-01-10,Baseline,2026-01-11 02:23:00,2,false_positive,turning_in_bed,25,1,1.4,0
10,4,restless_2,2026-01-10,Baseline,2026-01-10 22:27:00,22,false_positive,drinking_water,20,1,4.3,0
11,3,restless_1,2026-01-11,Baseline,2026-01-11 23:00:00,23,actual,actual_bed_exit,147,0,3.4,1
11,3,restless_1,2026-01-11,Baseline,2026-01-12 05:11:00,5,actual,actual_bed_exit,479,0,3.7,1
11,3,restless_1,2026-01-11,Baseline,2026-01-11 22:14:00,22,false_positive,turning_in_bed,25,1,1.9,0
11,4,restless_2,2026-01-11,Baseline,2026-01-11 23:34:00,23,false_positive,drinking_water,16,1,1.6,1
11,2,night_waker,2026-01-11,Baseline,2026-01-12 02:13:00,2,false_positive,turning_in_bed,10,1,1.5,1
11,4,restless_2,2026-01-11,Baseline,2026-01-12 04:46:00,4,false_positive,turning_in_bed,15,1,3.2,0
11,3,restless_1,2026-01-11,Baseline,2026-01-12 00:59:00,0,false_positive,staff_passing,23,1,3.6,0
11,3,restless_1,2026-01-11,Baseline,2026-01-12 03:43:00,3,false_positive,blanket_adjustment,16,1,4.4,0
11,4,restless_2,2026-01-11,Baseline,2026-01-12 03:45:00,3,false_positive,scratching,18,1,1.1,1
11,4,restless_2,2026-01-11,Baseline,2026-01-12 00:19:00,0,false_positive,scratching,24,1,2.7,0
11,3,restless_1,2026-01-11,Baseline,2026-01-11 23:37:00,23,false_positive,blanket_adjustment,10,1,1.6,1
11,3,restless_1,2026-01-11,Baseline,2026-01-12 00:12:00,0,false_positive,blanket_adjustment,8,1,2.6,1
11,4,restless_2,2026-01-11,Baseline,2026-01-12 01:10:00,1,false_positive,staff_passing,22,1,4.0,1
11,2,night_waker,2026-01-11,Baseline,2026-01-11 22:16:00,22,false_positive,drinking_water,7,1,3.0,0
11,3,restless_1,2026-01-11,Baseline,2026-01-12 01:39:00,1,false_positive,turning_in_bed,5,1,2.1,1
11,1,still,2026-01-11,Baseline,2026-01-11 22:51:00,22,false_positive,drinking_water,13,1,2.1,1
11,4,restless_2,2026-01-11,Baseline,2026-01-11 23:41:00,23,false_positive,blanket_adjustment,9,1,1.4,1
12,3,restless_1,2026-01-12,Baseline,2026-01-13 02:07:00,2,actual,actual_bed_exit,574,0,6.1,1
12,4,restless_2,2026-01-12,Baseline,2026-01-13 02:15:00,2,false_positive,drinking_water,18,1,3.9,1
12,4,restless_2,2026-01-12,Baseline,2026-01-13 02:10:00,2,false_positive,drinking_water,23,1,3.1,1
12,3,restless_1,2026-01-12,Baseline,2026-01-13 01:45:00,1,false_positive,blanket_adjustment,13,1,1.6,1
12,3,restless_1,2026-01-12,Baseline,2026-01-13 02:17:00,2,false_positive,drinking_water,21,1,2.2,1
12,3,restless_1,2026-01-12,Baseline,2026-01-13 01:28:00,1,false_positive,turning_in_bed,15,1,1.7,1
12,3,restless_1,2026-01-12,Baseline,2026-01-12 23:23:00,23,false_positive,staff_passing,15,1,2.2,0
12,4,restless_2,2026-01-12,Baseline,2026-01-13 05:31:00,5,false_positive,turning_in_bed,19,1,1.1,0
12,4,restless_2,2026-01-12,Baseline,2026-01-13 02:38:00,2,false_positive,blanket_adjustment,11,1,3.1,1
12,4,restless_2,2026-01-12,Baseline,2026-01-12 23:14:00,23,false_positive,blanket_adjustment,10,1,3.7,1
12,3,restless_1,2026-01-12,Baseline,2026-01-13 02:01:00,2,false_positive,blanket_adjustment,9,1,4.0,1
12,3,restless_1,2026-01-12,Baseline,2026-01-13 00:55:00,0,false_positive,scratching,19,1,3.3,0
12,3,restless_1,2026-01-12,Baseline,2026-01-13 02:34:00,2,false_positive,turning_in_bed,21,1,2.1,1
12,3,restless_1,2026-01-12,Baseline,2026-01-12 23:10:00,23,false_positive,staff_passing,27,1,2.5,0
12,2,night_waker,2026-01-12,Baseline,2026-01-13 01:04:00,1,false_positive,blanket_adjustment,11,1,3.2,1
12,1,still,2026-01-12,Baseline,2026-01-12 23:36:00,23,false_positive,turning_in_bed,13,1,2.9,1
12,4,restless_2,2026-01-12,Baseline,2026-01-13 02:05:00,2,false_positive,drinking_water,10,1,1.4,0
12,4,restless_2,2026-01-12,Baseline,2026-01-12 22:28:00,22,false_positive,drinking_water,21,1,1.8,0
12,3,restless_1,2026-01-12,Baseline,2026-01-12 22:11:00,22,false_positive,turning_in_bed,8,1,4.5,1
12,4,restless_2,2026-01-12,Baseline,2026-01-12 22:56:00,22,false_positive,staff_passing,19,1,1.9,1
12,2,night_waker,2026-01-12,Baseline,2026-01-13 00:44:00,0,false_positive,drinking_water,8,1,4.3,1
12,4,restless_2,2026-01-12,Baseline,2026-01-12 23:28:00,23,false_positive,turning_in_bed,16,1,4.0,0
12,4,restless_2,2026-01-12,Baseline,2026-01-13 02:09:00,2,false_positive,scratching,5,1,1.9,1
12,2,night_waker,2026-01-12,Baseline,2026-01-13 03:24:00,3,false_positive,scratching,22,1,3.4,0
12,4,restless_2,2026-01-12,Baseline,2026-01-13 02:25:00,2,false_positive,drinking_water,13,1,1.6,1
12,4,restless_2,2026-01-12,Baseline,2026-01-13 00:12:00,0,false_positive,scratching,24,1,3.0,1
12,3,restless_1,2026-01-12,Baseline,2026-01-13 03:37:00,3,false_positive,drinking_water,15,1,4.2,1
13,3,restless_1,2026-01-13,Baseline,2026-01-14 02:14:00,2,actual,actual_bed_exit,453,0,4.9,1
13,2,night_waker,2026-01-13,Baseline,2026-01-14 00:43:00,0,actual,actual_bed_exit,127,0,5.9,0
13,3,restless_1,2026-01-13,Baseline,2026-01-14 02:08:00,2,actual,actual_bed_exit,302,0,7.3,1
13,3,restless_1,2026-01-13,Baseline,2026-01-14 01:11:00,1,false_positive,turning_in_bed,8,1,2.8,0
13,3,restless_1,2026-01-13,Baseline,2026-01-14 01:45:00,1,false_positive,drinking_water,22,1,4.3,0
13,4,restless_2,2026-01-13,Baseline,2026-01-13 23:59:00,23,false_positive,turning_in_bed,28,1,3.3,0
13,2,night_waker,2026-01-13,Baseline,2026-01-13 23:13:00,23,false_positive,drinking_water,17,1,1.9,0
13,3,restless_1,2026-01-13,Baseline,2026-01-14 00:15:00,0,false_positive,scratching,7,1,3.5,0
13,3,restless_1,2026-01-13,Baseline,2026-01-14 05:06:00,5,false_positive,scratching,22,1,1.6,1
13,3,restless_1,2026-01-13,Baseline,2026-01-14 02:41:00,2,false_positive,turning_in_bed,27,1,2.5,0
13,3,restless_1,2026-01-13,Baseline,2026-01-14 03:46:00,3,false_positive,drinking_water,28,1,3.1,1
13,3,restless_1,2026-01-13,Baseline,2026-01-14 03:09:00,3,false_positive,turning_in_bed,9,1,2.3,1
13,3,restless_1,2026-01-13,Baseline,2026-01-14 03:03:00,3,false_positive,blanket_adjustment,11,1,3.9,1
13,4,restless_2,2026-01-13,Baseline,2026-01-14 02:32:00,2,false_positive,turning_in_bed,15,1,1.5,0
13,3,restless_1,2026-01-13,Baseline,2026-01-14 03:21:00,3,false_positive,drinking_water,5,1,3.2,1
13,3,restless_1,2026-01-13,Baseline,2026-01-14 01:56:00,1,false_positive,turning_in_bed,17,1,4.5,0
13,3,restless_1,2026-01-13,Baseline,2026-01-14 02:38:00,2,false_positive,drinking_water,23,1,1.1,0
13,3,restless_1,2026-01-13,Baseline,2026-01-14 03:31:00,3,false_positive,blanket_adjustment,11,1,1.3,0
13,3,restless_1,2026-01-13,Baseline,2026-01-14 04:58:00,4,false_positive,turning_in_bed,13,1,3.2,1
13,2,night_waker,2026-01-13,Baseline,2026-01-14 03:31:00,3,false_positive,blanket_adjustment,18,1,4.1,1
13,3,restless_1,2026-01-13,Baseline,2026-01-14 01:05:00,1,false_positive,turning_in_bed,6,1,2.3,0
13,3,restless_1,2026-01-13,Baseline,2026-01-14 05:21:00,5,false_positive,drinking_water,19,1,4.4,0
14,2,night_waker,2026-01-14,Baseline,2026-01-15 03:11:00,3,actual,actual_bed_exit,590,0,5.4,1
14,4,restless_2,2026-01-14,Baseline,2026-01-14 23:53:00,23,actual,actual_bed_exit,596,0,7.6,1
14,4,restless_2,2026-01-14,Baseline,2026-01-15 03:17:00,3,false_positive,drinking_water,24,1,4.0,1
14,2,night_waker,2026-01-14,Baseline,2026-01-15 01:35:00,1,false_positive,turning_in_bed,12,1,1.9,0
14,3,restless_1,2026-01-14,Baseline,2026-01-14 22:10:00,22,false_positive,scratching,25,1,2.0,1
14,4,restless_2,2026-01-14,Baseline,2026-01-15 03:14:00,3,false_positive,turning_in_bed,29,1,4.0,0
14,4,restless_2,2026-01-14,Baseline,2026-01-15 04:34:00,4,false_positive,turning_in_bed,21,1,2.9,1
14,4,restless_2,2026-01-14,Baseline,2026-01-14 23:14:00,23,false_positive,turning_in_bed,15,1,1.6,1
14,4,restless_2,2026-01-14,Baseline,2026-01-15 00:24:00,0,false_positive,staff_passing,19,1,2.7,0
14,4,restless_2,2026-01-14,Baseline,2026-01-15 02:45:00,2,false_positive,turning_in_bed,9,1,2.8,0
14,2,night_waker,2026-01-14,Baseline,2026-01-14 23:33:00,23,false_positive,drinking_water,17,1,1.8,0
14,3,restless_1,2026-01-14,Baseline,2026-01-15 03:30:00,3,false_positive,turning_in_bed,17,1,2.5,0
14,4,restless_2,2026-01-14,Baseline,2026-01-15 02:59:00,2,false_positive,turning_in_bed,14,1,2.4,1
15,2,night_waker,2026-01-15,Baseline,2026-01-16 02:22:00,2,actual,actual_bed_exit,234,0,3.7,0
15,4,restless_2,2026-01-15,Baseline,2026-01-16 00:59:00,0,false_positive,turning_in_bed,20,1,3.2,0
15,2,night_waker,2026-01-15,Baseline,2026-01-16 00:35:00,0,false_positive,turning_in_bed,18,1,2.5,0
15,2,night_waker,2026-01-15,Baseline,2026-01-16 03:06:00,3,false_positive,drinking_water,18,1,2.7,0
15,3,restless_1,2026-01-15,Baseline,2026-01-16 01:26:00,1,false_positive,staff_passing,15,1,3.8,1
15,4,restless_2,2026-01-15,Baseline,2026-01-16 02:12:00,2,false_positive,turning_in_bed,5,1,1.8,1
15,3,restless_1,2026-01-15,Baseline,2026-01-16 03:34:00,3,false_positive,staff_passing,11,1,3.3,1
15,2,night_waker,2026-01-15,Baseline,2026-01-16 00:33:00,0,false_positive,turning_in_bed,13,1,3.6,1
15,3,restless_1,2026-01-15,Baseline,2026-01-16 00:20:00,0,false_positive,drinking_water,28,1,1.5,0
15,4,restless_2,2026-01-15,Baseline,2026-01-16 02:47:00,2,false_positive,scratching,11,1,3.9,0
15,4,restless_2,2026-01-15,Baseline,2026-01-16 04:33:00,4,false_positive,drinking_water,14,1,2.6,0
15,4,restless_2,2026-01-15,Baseline,2026-01-16 03:04:00,3,false_positive,drinking_water,23,1,2.8,1
15,4,restless_2,2026-01-15,Baseline,2026-01-15 22:44:00,22,false_positive,turning_in_bed,25,1,1.4,0
15,3,restless_1,2026-01-15,Baseline,2026-01-16 01:35:00,1,false_positive,drinking_water,13,1,3.7,1
15,2,night_waker,2026-01-15,Baseline,2026-01-15 23:29:00,23,false_positive,turning_in_bed,25,1,1.2,1
15,4,restless_2,2026-01-15,Baseline,2026-01-15 22:07:00,22,false_positive,drinking_water,24,1,3.2,0
15,4,restless_2,2026-01-15,Baseline,2026-01-15 23:13:00,23,false_positive,turning_in_bed,6,1,4.4,1
15,2,night_waker,2026-01-15,Baseline,2026-01-16 04:26:00,4,false_positive,turning_in_bed,29,1,3.1,1
16,2,night_waker,2026-01-16,Baseline,2026-01-17 01:24:00,1,actual,actual_bed_exit,198,0,4.4,1
16,2,night_waker,2026-01-16,Baseline,2026-01-17 02:48:00,2,actual,actual_bed_exit,429,0,4.4,1
16,4,restless_2,2026-01-16,Baseline,2026-01-17 04:40:00,4,actual,actual_bed_exit,381,0,6.2,1
16,3,restless_1,2026-01-16,Baseline,2026-01-17 05:22:00,5,false_positive,blanket_adjustment,21,1,1.6,1
16,1,still,2026-01-16,Baseline,2026-01-17 05:17:00,5,false_positive,scratching,7,1,3.4,0
16,2,night_waker,2026-01-16,Baseline,2026-01-17 04:43:00,4,false_positive,drinking_water,23,1,2.9,1
16,3,restless_1,2026-01-16,Baseline,2026-01-17 01:28:00,1,false_positive,turning_in_bed,7,1,3.0,1
16,3,restless_1,2026-01-16,Baseline,2026-01-17 01:07:00,1,false_positive,turning_in_bed,11,1,3.5,1
16,4,restless_2,2026-01-16,Baseline,2026-01-16 22:42:00,22,false_positive,drinking_water,12,1,3.6,1
16,3,restless_1,2026-01-16,Baseline,2026-01-17 02:08:00,2,false_positive,blanket_adjustment,18,1,1.0,1
16,3,restless_1,2026-01-16,Baseline,2026-01-16 22:33:00,22,false_positive,blanket_adjustment,23,1,3.4,1
16,3,restless_1,2026-01-16,Baseline,2026-01-17 03:57:00,3,false_positive,drinking_water,14,1,2.6,1
16,3,restless_1,2026-01-16,Baseline,2026-01-17 03:20:00,3,false_positive,blanket_adjustment,5,1,1.6,0
16,3,restless_1,2026-01-16,Baseline,2026-01-16 23:16:00,23,false_positive,turning_in_bed,19,1,2.7,1
16,3,restless_1,2026-01-16,Baseline,2026-01-16 22:03:00,22,false_positive,blanket_adjustment,6,1,2.7,1
16,3,restless_1,2026-01-16,Baseline,2026-01-17 02:45:00,2,false_positive,turning_in_bed,8,1,3.4,1
16,4,restless_2,2026-01-16,Baseline,2026-01-17 05:18:00,5,false_positive,turning_in_bed,16,1,1.5,0
17,4,restless_2,2026-01-17,Baseline,2026-01-18 03:59:00,3,actual,actual_bed_exit,263,0,3.9,1
17,4,restless_2,2026-01-17,Baseline,2026-01-18 01:46:00,1,false_positive,turning_in_bed,25,1,2.3,1
17,3,restless_1,2026-01-17,Baseline,2026-01-18 02:49:00,2,false_positive,turning_in_bed,9,1,3.5,1
17,4,restless_2,2026-01-17,Baseline,2026-01-18 02:50:00,2,false_positive,blanket_adjustment,28,1,1.9,1
17,2,night_waker,2026-01-17,Baseline,2026-01-18 03:48:00,3,false_positive,scratching,15,1,4.3,1
17,4,restless_2,2026-01-17,Baseline,2026-01-18 02:34:00,2,false_positive,turning_in_bed,15,1,3.6,1
17,2,night_waker,2026-01-17,Baseline,2026-01-17 23:30:00,23,false_positive,blanket_adjustment,28,1,2.7,0
17,1,still,2026-01-17,Baseline,2026-01-18 00:06:00,0,false_positive,turning_in_bed,11,1,4.2,0
17,3,restless_1,2026-01-17,Baseline,2026-01-18 00:12:00,0,false_positive,scratching,11,1,1.5,1
17,3,restless_1,2026-01-17,Baseline,2026-01-17 22:20:00,22,false_positive,blanket_adjustment,18,1,2.4,0
17,4,restless_2,2026-01-17,Baseline,2026-01-18 04:19:00,4,false_positive,turning_in_bed,8,1,4.1,0
17,4,restless_2,2026-01-17,Baseline,2026-01-18 03:36:00,3,false_positive,scratching,29,1,1.9,1
17,3,restless_1,2026-01-17,Baseline,2026-01-17 23:24:00,23,false_positive,blanket_adjustment,28,1,4.4,0
17,3,restless_1,2026-01-17,Baseline,2026-01-17 22:56:00,22,false_positive,blanket_adjustment,26,1,3.0,1
17,4,restless_2,2026-01-17,Baseline,2026-01-17 23:40:00,23,false_positive,scratching,24,1,2.9,1
18,2,night_waker,2026-01-18,Baseline,2026-01-19 00:15:00,0,actual,actual_bed_exit,317,0,6.3,1
18,2,night_waker,2026-01-18,Baseline,2026-01-18 23:59:00,23,actual,actual_bed_exit,290,0,7.9,1
18,4,restless_2,2026-01-18,Baseline,2026-01-19 01:25:00,1,false_positive,turning_in_bed,13,1,3.6,1
18,4,restless_2,2026-01-18,Baseline,2026-01-18 23:27:00,23,false_positive,scratching,11,1,4.3,1
18,3,restless_1,2026-01-18,Baseline,2026-01-19 03:55:00,3,false_positive,blanket_adjustment,16,1,4.2,1
18,4,restless_2,2026-01-18,Baseline,2026-01-19 01:24:00,1,false_positive,turning_in_bed,14,1,1.3,1
18,2,night_waker,2026-01-18,Baseline,2026-01-18 23:59:00,23,false_positive,turning_in_bed,24,1,3.0,1
18,4,restless_2,2026-01-18,Baseline,2026-01-19 03:39:00,3,false_positive,drinking_water,18,1,2.6,1
18,3,restless_1,2026-01-18,Baseline,2026-01-18 23:26:00,23,false_positive,blanket_adjustment,11,1,4.4,0
18,4,restless_2,2026-01-18,Baseline,2026-01-18 23:59:00,23,false_positive,turning_in_bed,25,1,2.1,1
18,2,night_waker,2026-01-18,Baseline,2026-01-19 04:10:00,4,false_positive,scratching,17,1,4.4,1
18,4,restless_2,2026-01-18,Baseline,2026-01-19 05:03:00,5,false_positive,blanket_adjustment,29,1,4.4,1
18,2,night_waker,2026-01-18,Baseline,2026-01-18 23:03:00,23,false_positive,blanket_adjustment,22,1,4.1,0
18,4,restless_2,2026-01-18,Baseline,2026-01-19 02:51:00,2,false_positive,turning_in_bed,27,1,1.4,1
19,2,night_waker,2026-01-19,Baseline,2026-01-19 23:32:00,23,actual,actual_bed_exit,235,0,3.7,1
19,3,restless_1,2026-01-19,Baseline,2026-01-20 01:56:00,1,actual,actual_bed_exit,329,0,5.9,1
19,4,restless_2,2026-01-19,Baseline,2026-01-20 03:26:00,3,actual,actual_bed_exit,424,0,3.6,1
19,3,restless_1,2026-01-19,Baseline,2026-01-20 01:27:00,1,actual,actual_bed_exit,447,0,3.8,1
19,2,night_waker,2026-01-19,Baseline,2026-01-20 05:02:00,5,false_positive,turning_in_bed,22,1,2.8,0
19,3,restless_1,2026-01-19,Baseline,2026-01-19 23:45:00,23,false_positive,turning_in_bed,23,1,4.2,0
19,4,restless_2,2026-01-19,Baseline,2026-01-20 03:50:00,3,false_positive,turning_in_bed,27,1,3.3,1
19,3,restless_1,2026-01-19,Baseline,2026-01-19 23:35:00,23,false_positive,drinking_water,14,1,1.5,1
19,1,still,2026-01-19,Baseline,2026-01-20 03:39:00,3,false_positive,drinking_water,23,1,4.2,0
19,4,restless_2,2026-01-19,Baseline,2026-01-20 03:41:00,3,false_positive,turning_in_bed,22,1,3.9,1
19,4,restless_2,2026-01-19,Baseline,2026-01-20 02:56:00,2,false_positive,blanket_adjustment,12,1,4.1,0
19,2,night_waker,2026-01-19,Baseline,2026-01-20 02:29:00,2,false_positive,drinking_water,6,1,3.0,0
19,3,restless_1,2026-01-19,Baseline,2026-01-20 03:13:00,3,false_positive,turning_in_bed,23,1,1.2,1
19,3,restless_1,2026-01-19,Baseline,2026-01-20 03:40:00,3,false_positive,blanket_adjustment,29,1,3.2,1
19,3,restless_1,2026-01-19,Baseline,2026-01-20 03:10:00,3,false_positive,turning_in_bed,29,1,4.0,1
19,3,restless_1,2026-01-19,Baseline,2026-01-19 22:32:00,22,false_positive,scratching,23,1,2.8,0
19,4,restless_2,2026-01-19,Baseline,2026-01-20 03:07:00,3,false_positive,turning_in_bed,17,1,2.5,0
19,4,restless_2,2026-01-19,Baseline,2026-01-20 01:25:00,1,false_positive,scratching,9,1,1.6,1
19,4,restless_2,2026-01-19,Baseline,2026-01-20 01:54:00,1,false_positive,scratching,17,1,1.4,0
19,4,restless_2,2026-01-19,Baseline,2026-01-20 01:33:00,1,false_positive,blanket_adjustment,16,1,4.4,0
19,1,still,2026-01-19,Baseline,2026-01-20 01:11:00,1,false_positive,scratching,20,1,4.2,0
19,3,restless_1,2026-01-19,Baseline,2026-01-20 01:34:00,1,false_positive,drinking_water,9,1,3.1,0
20,4,restless_2,2026-01-20,Baseline,2026-01-21 01:48:00,1,actual,actual_bed_exit,224,0,5.0,0
20,4,restless_2,2026-01-20,Baseline,2026-01-21 00:48:00,0,actual,actual_bed_exit,416,0,3.6,1
20,3,restless_1,2026-01-20,Baseline,2026-01-21 01:10:00,1,false_positive,scratching,6,1,2.6,1
20,4,restless_2,2026-01-20,Baseline,2026-01-20 23:07:00,23,false_positive,drinking_water,27,1,3.5,1
20,4,restless_2,2026-01-20,Baseline,2026-01-21 00:57:00,0,false_positive,scratching,23,1,4.0,0
20,1,still,2026-01-20,Baseline,2026-01-21 02:19:00,2,false_positive,scratching,22,1,1.4,0
20,2,night_waker,2026-01-20,Baseline,2026-01-21 01:27:00,1,false_positive,drinking_water,18,1,4.2,1
20,3,restless_1,2026-01-20,Baseline,2026-01-21 00:28:00,0,false_positive,blanket_adjustment,21,1,2.3,1
21,4,restless_2,2026-01-21,Baseline,2026-01-22 02:37:00,2,false_positive,turning_in_bed,25,1,4.5,1
21,3,restless_1,2026-01-21,Baseline,2026-01-22 02:54:00,2,false_positive,drinking_water,19,1,1.2,0
21,4,restless_2,2026-01-21,Baseline,2026-01-22 01:56:00,1,false_positive,turning_in_bed,6,1,2.4,1
21,3,restless_1,2026-01-21,Baseline,2026-01-22 01:37:00,1,false_positive,turning_in_bed,24,1,2.6,1
21,4,restless_2,2026-01-21,Baseline,2026-01-22 03:22:00,3,false_positive,scratching,12,1,3.0,0
21,4,restless_2,2026-01-21,Baseline,2026-01-22 02:38:00,2,false_positive,blanket_adjustment,17,1,1.6,1
21,4,restless_2,2026-01-21,Baseline,2026-01-21 22:18:00,22,false_positive,scratching,5,1,3.3,1
21,3,restless_1,2026-01-21,Baseline,2026-01-22 00:48:00,0,false_positive,turning_in_bed,7,1,4.0,1
21,3,restless_1,2026-01-21,Baseline,2026-01-22 03:30:00,3,false_positive,blanket_adjustment,22,1,1.5,1
21,4,restless_2,2026-01-21,Baseline,2026-01-21 22:03:00,22,false_positive,drinking_water,7,1,1.7,1
21,3,restless_1,2026-01-21,Baseline,2026-01-22 01:14:00,1,false_positive,drinking_water,17,1,1.5,1
21,3,restless_1,2026-01-21,Baseline,2026-01-22 00:05:00,0,false_positive,drinking_water,20,1,3.9,1
21,3,restless_1,2026-01-21,Baseline,2026-01-22 00:44:00,0,false_positive,staff_passing,29,1,3.7,1
21,2,night_waker,2026-01-21,Baseline,2026-01-22 01:52:00,1,false_positive,drinking_water,25,1,2.5,0
21,2,night_waker,2026-01-21,Baseline,2026-01-22 00:45:00,0,false_positive,turning_in_bed,21,1,1.8,1
21,3,restless_1,2026-01-21,Baseline,2026-01-22 01:34:00,1,false_positive,turning_in_bed,8,1,3.9,0
21,3,restless_1,2026-01-21,Baseline,2026-01-22 03:21:00,3,false_positive,blanket_adjustment,19,1,3.2,0
21,3,restless_1,2026-01-21,Baseline,2026-01-22 01:35:00,1,false_positive,turning_in_bed,27,1,1.5,1
21,3,restless_1,2026-01-21,Baseline,2026-01-22 02:53:00,2,false_positive,drinking_water,8,1,3.8,0
22,2,night_waker,2026-01-22,Baseline,2026-01-23 02:37:00,2,actual,actual_bed_exit,370,0,5.8,1
22,4,restless_2,2026-01-22,Baseline,2026-01-23 02:50:00,2,actual,actual_bed_exit,397,0,7.3,1
22,4,restless_2,2026-01-22,Baseline,2026-01-23 01:46:00,1,actual,actual_bed_exit,395,0,7.8,1
22,4,restless_2,2026-01-22,Baseline,2026-01-22 23:16:00,23,actual,actual_bed_exit,427,0,4.5,1
22,1,still,2026-01-22,Baseline,2026-01-23 00:46:00,0,false_positive,turning_in_bed,20,1,4.2,0
22,4,restless_2,2026-01-22,Baseline,2026-01-23 01:53:00,1,false_positive,blanket_adjustment,18,1,3.2,1
22,4,restless_2,2026-01-22,Baseline,2026-01-23 03:29:00,3,false_positive,turning_in_bed,28,1,1.0,1
22,3,restless_1,2026-01-22,Baseline,2026-01-23 02:06:00,2,false_positive,scratching,6,1,2.2,1
22,4,restless_2,2026-01-22,Baseline,2026-01-22 22:59:00,22,false_positive,turning_in_bed,21,1,3.7,1
22,3,restless_1,2026-01-22,Baseline,2026-01-23 02:45:00,2,false_positive,turning_in_bed,12,1,3.4,0
22,4,restless_2,2026-01-22,Baseline,2026-01-23 00:12:00,0,false_positive,drinking_water,28,1,1.3,1
22,2,night_waker,2026-01-22,Baseline,2026-01-23 01:54:00,1,false_positive,turning_in_bed,26,1,1.8,1
22,4,restless_2,2026-01-22,Baseline,2026-01-22 23:30:00,23,false_positive,blanket_adjustment,10,1,2.0,1
22,4,restless_2,2026-01-22,Baseline,2026-01-23 04:28:00,4,false_positive,drinking_water,19,1,3.9,1
22,3,restless_1,2026-01-22,Baseline,2026-01-22 23:18:00,23,false_positive,turning_in_bed,21,1,1.4,1
22,3,restless_1,2026-01-22,Baseline,2026-01-23 01:07:00,1,false_positive,drinking_water,18,1,3.2,1
22,3,restless_1,2026-01-22,Baseline,2026-01-23 01:14:00,1,false_positive,turning_in_bed,18,1,2.8,0
22,3,restless_1,2026-01-22,Baseline,2026-01-23 03:13:00,3,false_positive,turning_in_bed,27,1,3.9,1
22,2,night_waker,2026-01-22,Baseline,2026-01-23 00:48:00,0,false_positive,drinking_water,17,1,1.2,0
22,4,restless_2,2026-01-22,Baseline,2026-01-23 02:40:00,2,false_positive,turning_in_bed,13,1,4.3,0
22,2,night_waker,2026-01-22,Baseline,2026-01-23 04:08:00,4,false_positive,scratching,26,1,2.1,1
23,3,restless_1,2026-01-23,Baseline,2026-01-24 01:55:00,1,actual,actual_bed_exit,444,0,3.7,1
23,2,night_waker,2026-01-23,Baseline,2026-01-24 04:23:00,4,actual,actual_bed_exit,485,0,7.8,1
23,2,night_waker,2026-01-23,Baseline,2026-01-24 00:18:00,0,actual,actual_bed_exit,424,0,8.0,0
23,2,night_waker,2026-01-23,Baseline,2026-01-24 01:40:00,1,actual,actual_bed_exit,348,0,3.6,1
23,2,night_waker,2026-01-23,Baseline,2026-01-24 03:06:00,3,actual,actual_bed_exit,488,0,5.1,1
23,4,restless_2,2026-01-23,Baseline,2026-01-24 03:10:00,3,false_positive,turning_in_bed,23,1,3.3,1
23,3,restless_1,2026-01-23,Baseline,2026-01-24 03:07:00,3,false_positive,turning_in_bed,21,1,3.6,0
23,4,restless_2,2026-01-23,Baseline,2026-01-24 02:53:00,2,false_positive,drinking_water,19,1,1.3,0
23,4,restless_2,2026-01-23,Baseline,2026-01-24 02:52:00,2,false_positive,scratching,11,1,3.9,0
23,1,still,2026-01-23,Baseline,2026-01-24 00:35:00,0,false_positive,turning_in_bed,28,1,1.1,1
23,3,restless_1,2026-01-23,Baseline,2026-01-24 00:28:00,0,false_positive,scratching,16,1,4.4,1
23,4,restless_2,2026-01-23,Baseline,2026-01-24 02:46:00,2,false_positive,turning_in_bed,10,1,1.5,1
23,3,restless_1,2026-01-23,Baseline,2026-01-24 02:40:00,2,false_positive,turning_in_bed,8,1,1.9,0
23,3,restless_1,2026-01-23,Baseline,2026-01-24 00:51:00,0,false_positive,scratching,21,1,3.0,1
23,4,restless_2,2026-01-23,Baseline,2026-01-24 02:50:00,2,false_positive,drinking_water,5,1,4.1,1
23,3,restless_1,2026-01-23,Baseline,2026-01-24 03:03:00,3,false_positive,drinking_water,27,1,3.5,1
23,2,night_waker,2026-01-23,Baseline,2026-01-24 02:43:00,2,false_positive,drinking_water,6,1,4.4,1
23,3,restless_1,2026-01-23,Baseline,2026-01-24 03:14:00,3,false_positive,staff_passing,19,1,3.7,0
23,4,restless_2,2026-01-23,Baseline,2026-01-24 02:24:00,2,false_positive,blanket_adjustment,24,1,3.0,0
23,3,restless_1,2026-01-23,Baseline,2026-01-24 03:27:00,3,false_positive,blanket_adjustment,21,1,3.8,1
23,3,restless_1,2026-01-23,Baseline,2026-01-24 00:30:00,0,false_positive,blanket_adjustment,22,1,1.2,0
23,3,restless_1,2026-01-23,Baseline,2026-01-23 22:53:00,22,false_positive,blanket_adjustment,15,1,2.1,1
23,4,restless_2,2026-01-23,Baseline,2026-01-24 00:05:00,0,false_positive,scratching,11,1,3.8,1
23,1,still,2026-01-23,Baseline,2026-01-24 01:29:00,1,false_positive,drinking_water,26,1,2.7,1
23,4,restless_2,2026-01-23,Baseline,2026-01-24 02:49:00,2,false_positive,turning_in_bed,26,1,1.8,1
24,2,night_waker,2026-01-24,Baseline,2026-01-25 02:53:00,2,actual,actual_bed_exit,126,0,3.1,1
24,2,night_waker,2026-01-24,Baseline,2026-01-25 03:16:00,3,actual,actual_bed_exit,580,0,5.6,1
24,2,night_waker,2026-01-24,Baseline,2026-01-25 03:07:00,3,actual,actual_bed_exit,491,0,4.5,1
24,4,restless_2,2026-01-24,Baseline,2026-01-25 01:19:00,1,actual,actual_bed_exit,391,0,6.9,1
24,2,night_waker,2026-01-24,Baseline,2026-01-24 22:36:00,22,actual,actual_bed_exit,300,0,5.8,1
24,2,night_waker,2026-01-24,Baseline,2026-01-24 22:54:00,22,false_positive,scratching,23,1,1.3,1
24,4,restless_2,2026-01-24,Baseline,2026-01-24 22:09:00,22,false_positive,drinking_water,27,1,1.5,1
24,3,restless_1,2026-01-24,Baseline,2026-01-25 04:06:00,4,false_positive,drinking_water,14,1,2.4,1
24,3,restless_1,2026-01-24,Baseline,2026-01-25 04:13:00,4,false_positive,staff_passing,20,1,4.5,0
24,4,restless_2,2026-01-24,Baseline,2026-01-25 02:00:00,2,false_positive,drinking_water,9,1,4.2,0
24,1,still,2026-01-24,Baseline,2026-01-25 01:57:00,1,false_positive,turning_in_bed,28,1,1.5,1
24,4,restless_2,2026-01-24,Baseline,2026-01-25 00:55:00,0,false_positive,drinking_water,19,1,2.8,1
24,4,restless_2,2026-01-24,Baseline,2026-01-25 00:06:00,0,false_positive,drinking_water,26,1,2.4,1
24,3,restless_1,2026-01-24,Baseline,2026-01-25 03:44:00,3,false_positive,scratching,19,1,1.7,0
24,2,night_waker,2026-01-24,Baseline,2026-01-25 03:03:00,3,false_positive,turning_in_bed,12,1,4.1,1
24,1,still,2026-01-24,Baseline,2026-01-24 22:35:00,22,false_positive,scratching,22,1,3.7,1
24,3,restless_1,2026-01-24,Baseline,2026-01-24 23:55:00,23,false_positive,scratching,12,1,4.3,0
24,3,restless_1,2026-01-24,Baseline,2026-01-25 01:59:00,1,false_positive,drinking_water,18,1,1.2,1
24,3,restless_1,2026-01-24,Baseline,2026-01-25 00:02:00,0,false_positive,turning_in_bed,27,1,1.2,0
25,4,restless_2,2026-01-25,Baseline,2026-01-26 04:47:00,4,actual,actual_bed_exit,512,0,3.9,1
25,4,restless_2,2026-01-25,Baseline,2026-01-26 04:38:00,4,actual,actual_bed_exit,225,0,6.8,1
25,2,night_waker,2026-01-25,Baseline,2026-01-25 23:54:00,23,actual,actual_bed_exit,381,0,6.5,0
25,4,restless_2,2026-01-25,Baseline,2026-01-26 03:09:00,3,false_positive,blanket_adjustment,17,1,2.3,1
25,3,restless_1,2026-01-25,Baseline,2026-01-26 02:48:00,2,false_positive,turning_in_bed,17,1,2.8,0
25,4,restless_2,2026-01-25,Baseline,2026-01-26 04:31:00,4,false_positive,scratching,7,1,3.8,0
25,3,restless_1,2026-01-25,Baseline,2026-01-25 23:33:00,23,false_positive,scratching,25,1,1.7,0
25,4,restless_2,2026-01-25,Baseline,2026-01-26 00:48:00,0,false_positive,staff_passing,23,1,3.0,1
25,2,night_waker,2026-01-25,Baseline,2026-01-26 01:31:00,1,false_positive,drinking_water,14,1,4.2,0
25,4,restless_2,2026-01-25,Baseline,2026-01-26 03:32:00,3,false_positive,turning_in_bed,29,1,2.5,0
25,3,restless_1,2026-01-25,Baseline,2026-01-26 02:48:00,2,false_positive,scratching,18,1,2.5,0
25,4,restless_2,2026-01-25,Baseline,2026-01-26 01:34:00,1,false_positive,turning_in_bed,28,1,1.8,1
25,4,restless_2,2026-01-25,Baseline,2026-01-26 03:01:00,3,false_positive,blanket_adjustment,26,1,3.4,1
25,3,restless_1,2026-01-25,Baseline,2026-01-26 00:15:00,0,false_positive,blanket_adjustment,29,1,3.2,0
25,1,still,2026-01-25,Baseline,2026-01-25 23:52:00,23,false_positive,turning_in_bed,12,1,2.2,1
25,3,restless_1,2026-01-25,Baseline,2026-01-26 00:53:00,0,false_positive,blanket_adjustment,11,1,2.2,0
25,2,night_waker,2026-01-25,Baseline,2026-01-26 00:29:00,0,false_positive,blanket_adjustment,14,1,4.3,1
25,2,night_waker,2026-01-25,Baseline,2026-01-26 02:18:00,2,false_positive,blanket_adjustment,24,1,3.1,1
25,4,restless_2,2026-01-25,Baseline,2026-01-26 00:07:00,0,false_positive,scratching,6,1,2.8,0
25,3,restless_1,2026-01-25,Baseline,2026-01-26 05:04:00,5,false_positive,turning_in_bed,9,1,3.0,0
25,4,restless_2,2026-01-25,Baseline,2026-01-26 01:33:00,1,false_positive,turning_in_bed,17,1,1.9,0
25,4,restless_2,2026-01-25,Baseline,2026-01-26 02:38:00,2,false_positive,staff_passing,9,1,4.2,0
25,3,restless_1,2026-01-25,Baseline,2026-01-26 01:34:00,1,false_positive,blanket_adjustment,21,1,1.9,0
25,4,restless_2,2026-01-25,Baseline,2026-01-26 04:32:00,4,false_positive,turning_in_bed,21,1,3.0,1
26,3,restless_1,2026-01-26,Baseline,2026-01-27 01:58:00,1,actual,actual_bed_exit,473,0,7.4,1
26,4,restless_2,2026-01-26,Baseline,2026-01-27 02:27:00,2,false_positive,blanket_adjustment,20,1,2.3,1
26,3,restless_1,2026-01-26,Baseline,2026-01-27 01:08:00,1,false_positive,scratching,25,1,1.7,1
26,1,still,2026-01-26,Baseline,2026-01-27 05:53:00,5,false_positive,turning_in_bed,13,1,4.1,0
26,4,restless_2,2026-01-26,Baseline,2026-01-27 03:58:00,3,false_positive,scratching,23,1,1.0,1
26,3,restless_1,2026-01-26,Baseline,2026-01-27 02:19:00,2,false_positive,blanket_adjustment,10,1,3.3,1
26,1,still,2026-01-26,Baseline,2026-01-26 22:32:00,22,false_positive,scratching,10,1,1.9,0
26,4,restless_2,2026-01-26,Baseline,2026-01-26 22:57:00,22,false_positive,drinking_water,19,1,3.1,0
26,3,restless_1,2026-01-26,Baseline,2026-01-27 00:35:00,0,false_positive,scratching,28,1,2.9,0
26,4,restless_2,2026-01-26,Baseline,2026-01-27 02:45:00,2,false_positive,blanket_adjustment,12,1,3.7,1
26,3,restless_1,2026-01-26,Baseline,2026-01-26 23:59:00,23,false_positive,scratching,14,1,4.1,1
26,4,restless_2,2026-01-26,Baseline,2026-01-27 03:42:00,3,false_positive,drinking_water,20,1,3.9,1
26,4,restless_2,2026-01-26,Baseline,2026-01-27 01:17:00,1,false_positive,turning_in_bed,25,1,2.0,1
26,3,restless_1,2026-01-26,Baseline,2026-01-26 22:42:00,22,false_positive,turning_in_bed,17,1,4.2,0
27,2,night_waker,2026-01-27,Baseline,2026-01-27 23:20:00,23,actual,actual_bed_exit,478,0,6.6,1
27,4,restless_2,2026-01-27,Baseline,2026-01-28 01:00:00,1,actual,actual_bed_exit,268,0,4.2,1
27,2,night_waker,2026-01-27,Baseline,2026-01-28 02:57:00,2,actual,actual_bed_exit,517,0,6.9,1
27,3,restless_1,2026-01-27,Baseline,2026-01-28 04:41:00,4,false_positive,staff_passing,14,1,2.0,0
27,2,night_waker,2026-01-27,Baseline,2026-01-28 00:44:00,0,false_positive,scratching,17,1,1.7,1
27,4,restless_2,2026-01-27,Baseline,2026-01-28 02:02:00,2,false_positive,scratching,15,1,1.0,0
27,4,restless_2,2026-01-27,Baseline,2026-01-28 01:51:00,1,false_positive,drinking_water,10,1,1.4,0
27,4,restless_2,2026-01-27,Baseline,2026-01-27 22:17:00,22,false_positive,blanket_adjustment,12,1,2.9,0
27,4,restless_2,2026-01-27,Baseline,2026-01-28 01:57:00,1,false_positive,blanket_adjustment,13,1,1.4,0
27,3,restless_1,2026-01-27,Baseline,2026-01-28 01:54:00,1,false_positive,blanket_adjustment,11,1,1.9,0
27,4,restless_2,2026-01-27,Baseline,2026-01-28 03:08:00,3,false_positive,blanket_adjustment,15,1,2.5,1
27,2,night_waker,2026-01-27,Baseline,2026-01-28 02:49:00,2,false_positive,blanket_adjustment,13,1,2.9,1
27,4,restless_2,2026-01-27,Baseline,2026-01-27 22:52:00,22,false_positive,scratching,7,1,2.2,0
27,3,restless_1,2026-01-27,Baseline,2026-01-28 02:48:00,2,false_positive,turning_in_bed,21,1,3.7,1
27,4,restless_2,2026-01-27,Baseline,2026-01-28 03:58:00,3,false_positive,blanket_adjustment,16,1,3.0,1
27,1,still,2026-01-27,Baseline,2026-01-28 02:27:00,2,false_positive,turning_in_bed,22,1,3.6,1
28,4,restless_2,2026-01-28,Baseline,2026-01-29 02:40:00,2,actual,actual_bed_exit,543,0,5.3,0
28,4,restless_2,2026-01-28,Baseline,2026-01-29 01:50:00,1,actual,actual_bed_exit,254,0,4.0,0
28,4,restless_2,2026-01-28,Baseline,2026-01-29 01:14:00,1,false_positive,turning_in_bed,6,1,3.3,0
28,3,restless_1,2026-01-28,Baseline,2026-01-29 00:28:00,0,false_positive,scratching,18,1,2.1,0
28,2,night_waker,2026-01-28,Baseline,2026-01-29 00:03:00,0,false_positive,drinking_water,16,1,3.5,1
28,3,restless_1,2026-01-28,Baseline,2026-01-29 02:48:00,2,false_positive,turning_in_bed,14,1,3.2,0
28,3,restless_1,2026-01-28,Baseline,2026-01-28 23:08:00,23,false_positive,turning_in_bed,19,1,3.7,1
28,2,night_waker,2026-01-28,Baseline,2026-01-29 03:36:00,3,false_positive,drinking_water,10,1,3.5,0
28,3,restless_1,2026-01-28,Baseline,2026-01-29 02:57:00,2,false_positive,turning_in_bed,27,1,3.7,1
28,3,restless_1,2026-01-28,Baseline,2026-01-29 02:21:00,2,false_positive,scratching,23,1,2.1,1
28,3,restless_1,2026-01-28,Baseline,2026-01-29 02:56:00,2,false_positive,drinking_water,11,1,1.8,1
28,2,night_waker,2026-01-28,Baseline,2026-01-29 04:16:00,4,false_positive,drinking_water,19,1,1.5,1
28,3,restless_1,2026-01-28,Baseline,2026-01-29 01:37:00,1,false_positive,staff_passing,18,1,3.2,1
28,4,restless_2,2026-01-28,Baseline,2026-01-29 00:20:00,0,false_positive,drinking_water,22,1,1.8,1
28,4,restless_2,2026-01-28,Baseline,2026-01-29 00:03:00,0,false_positive,blanket_adjustment,16,1,4.4,1
28,2,night_waker,2026-01-28,Baseline,2026-01-29 03:07:00,3,false_positive,blanket_adjustment,5,1,1.9,0
28,3,restless_1,2026-01-28,Baseline,2026-01-29 03:55:00,3,false_positive,turning_in_bed,26,1,3.7,1
29,2,night_waker,2026-01-29,After,2026-01-30 02:07:00,2,actual,actual_bed_exit,239,0,5.9,0
29,4,restless_2,2026-01-29,After,2026-01-29 23:42:00,23,actual,actual_bed_exit,568,0,7.0,1
29,3,restless_1,2026-01-29,After,2026-01-29 22:15:00,22,false_positive,residual_misdetection,15,1,1.5,0
30,2,night_waker,2026-01-30,After,2026-01-31 00:13:00,0,actual,actual_bed_exit,559,0,6.5,1
30,2,night_waker,2026-01-30,After,2026-01-30 23:57:00,23,actual,actual_bed_exit,390,0,6.1,1
30,3,restless_1,2026-01-30,After,2026-01-31 02:28:00,2,actual,actual_bed_exit,483,0,5.2,1
30,3,restless_1,2026-01-30,After,2026-01-30 23:23:00,23,false_positive,residual_misdetection,14,1,2.3,0
31,4,restless_2,2026-01-31,After,2026-02-01 01:13:00,1,actual,actual_bed_exit,145,0,5.3,1
31,2,night_waker,2026-01-31,After,2026-02-01 02:22:00,2,actual,actual_bed_exit,564,0,6.2,0
31,4,restless_2,2026-01-31,After,2026-02-01 02:53:00,2,actual,actual_bed_exit,252,0,3.8,1
31,4,restless_2,2026-01-31,After,2026-02-01 00:21:00,0,false_positive,residual_misdetection,19,1,2.6,1
31,1,still,2026-01-31,After,2026-01-31 22:58:00,22,false_positive,residual_misdetection,22,1,3.9,0
32,4,restless_2,2026-02-01,After,2026-02-02 00:25:00,0,actual,actual_bed_exit,475,0,3.5,1
32,2,night_waker,2026-02-01,After,2026-02-02 03:25:00,3,actual,actual_bed_exit,160,0,6.0,1
32,3,restless_1,2026-02-01,After,2026-02-02 04:06:00,4,actual,actual_bed_exit,360,0,7.9,1
32,4,restless_2,2026-02-01,After,2026-02-02 01:08:00,1,actual,actual_bed_exit,598,0,3.2,1
32,3,restless_1,2026-02-01,After,2026-02-02 01:30:00,1,false_positive,staff_passing,24,1,1.4,0
33,2,night_waker,2026-02-02,After,2026-02-03 03:57:00,3,actual,actual_bed_exit,230,0,5.3,1
33,2,night_waker,2026-02-02,After,2026-02-02 23:36:00,23,actual,actual_bed_exit,374,0,7.9,0
33,2,night_waker,2026-02-02,After,2026-02-02 23:22:00,23,actual,actual_bed_exit,503,0,4.6,1
33,2,night_waker,2026-02-02,After,2026-02-03 00:38:00,0,actual,actual_bed_exit,295,0,4.8,1
33,4,restless_2,2026-02-02,After,2026-02-03 04:17:00,4,false_positive,residual_misdetection,13,1,4.0,0
34,4,restless_2,2026-02-03,After,2026-02-03 23:04:00,23,false_positive,residual_misdetection,16,1,3.7,0
35,2,night_waker,2026-02-04,After,2026-02-05 04:30:00,4,actual,actual_bed_exit,267,0,7.1,0
36,4,restless_2,2026-02-05,After,2026-02-06 03:14:00,3,actual,actual_bed_exit,141,0,3.6,1
36,4,restless_2,2026-02-05,After,2026-02-06 03:25:00,3,actual,actual_bed_exit,213,0,5.4,1
36,2,night_waker,2026-02-05,After,2026-02-06 01:18:00,1,actual,actual_bed_exit,435,0,3.6,1
36,3,restless_1,2026-02-05,After,2026-02-05 22:31:00,22,false_positive,residual_misdetection,8,1,1.7,1
37,2,night_waker,2026-02-06,After,2026-02-07 02:38:00,2,actual,actual_bed_exit,567,0,6.7,1
37,4,restless_2,2026-02-06,After,2026-02-06 23:52:00,23,actual,actual_bed_exit,253,0,4.1,0
37,4,restless_2,2026-02-06,After,2026-02-07 02:07:00,2,false_positive,residual_misdetection,18,1,2.3,0
38,2,night_waker,2026-02-07,After,2026-02-08 02:51:00,2,actual,actual_bed_exit,442,0,4.1,1
38,2,night_waker,2026-02-07,After,2026-02-08 04:21:00,4,actual,actual_bed_exit,480,0,6.1,1
38,2,night_waker,2026-02-07,After,2026-02-07 23:16:00,23,actual,actual_bed_exit,192,0,5.3,1
38,4,restless_2,2026-02-07,After,2026-02-07 22:44:00,22,false_positive,residual_misdetection,28,1,3.1,1
38,1,still,2026-02-07,After,2026-02-08 02:27:00,2,false_positive,residual_misdetection,24,1,1.5,0
39,2,night_waker,2026-02-08,After,2026-02-09 00:20:00,0,actual,actual_bed_exit,141,0,6.2,1
39,2,night_waker,2026-02-08,After,2026-02-09 02:43:00,2,actual,actual_bed_exit,360,0,3.3,0
39,2,night_waker,2026-02-08,After,2026-02-09 02:53:00,2,actual,actual_bed_exit,598,0,7.0,1
39,2,night_waker,2026-02-08,After,2026-02-09 00:11:00,0,actual,actual_bed_exit,467,0,3.6,1
39,3,restless_1,2026-02-08,After,2026-02-08 23:39:00,23,false_positive,residual_misdetection,9,1,1.2,0
39,3,restless_1,2026-02-08,After,2026-02-09 01:20:00,1,false_positive,residual_misdetection,19,1,4.3,0
41,4,restless_2,2026-02-10,After,2026-02-10 22:39:00,22,actual,actual_bed_exit,567,0,4.3,1
41,2,night_waker,2026-02-10,After,2026-02-11 02:01:00,2,actual,actual_bed_exit,417,0,6.0,1
41,4,restless_2,2026-02-10,After,2026-02-11 01:35:00,1,actual,actual_bed_exit,582,0,3.1,1
41,4,restless_2,2026-02-10,After,2026-02-11 01:57:00,1,false_positive,residual_misdetection,11,1,1.5,0
42,4,restless_2,2026-02-11,After,2026-02-12 02:23:00,2,actual,actual_bed_exit,298,0,7.6,0
42,3,restless_1,2026-02-11,After,2026-02-11 22:23:00,22,false_positive,residual_misdetection,13,1,2.6,1
42,1,still,2026-02-11,After,2026-02-11 22:08:00,22,false_positive,residual_misdetection,23,1,3.6,0
42,4,restless_2,2026-02-11,After,2026-02-12 03:15:00,3,false_positive,staff_passing,24,1,2.6,1
43,2,night_waker,2026-02-12,After,2026-02-13 00:47:00,0,actual,actual_bed_exit,250,0,4.0,0
43,2,night_waker,2026-02-12,After,2026-02-13 01:48:00,1,actual,actual_bed_exit,514,0,3.9,1
43,3,restless_1,2026-02-12,After,2026-02-12 23:57:00,23,actual,actual_bed_exit,263,0,6.0,1
43,3,restless_1,2026-02-12,After,2026-02-12 22:48:00,22,false_positive,residual_misdetection,6,1,1.8,0
43,4,restless_2,2026-02-12,After,2026-02-13 00:39:00,0,false_positive,residual_misdetection,21,1,4.1,0
44,2,night_waker,2026-02-13,After,2026-02-14 03:44:00,3,actual,actual_bed_exit,156,0,4.8,0
44,4,restless_2,2026-02-13,After,2026-02-14 00:01:00,0,false_positive,residual_misdetection,23,1,1.1,0
44,2,night_waker,2026-02-13,After,2026-02-14 00:58:00,0,false_positive,residual_misdetection,23,1,3.0,0
45,2,night_waker,2026-02-14,After,2026-02-15 00:30:00,0,actual,actual_bed_exit,145,0,6.5,1
45,3,restless_1,2026-02-14,After,2026-02-15 00:00:00,0,actual,actual_bed_exit,186,0,6.4,1
45,4,restless_2,2026-02-14,After,2026-02-15 01:15:00,1,false_positive,residual_misdetection,14,1,3.8,0
45,3,restless_1,2026-02-14,After,2026-02-14 23:13:00,23,false_positive,residual_misdetection,27,1,3.0,0
46,2,night_waker,2026-02-15,After,2026-02-16 03:55:00,3,actual,actual_bed_exit,567,0,3.6,1
46,1,still,2026-02-15,After,2026-02-16 01:04:00,1,false_positive,residual_misdetection,12,1,1.9,0
46,4,restless_2,2026-02-15,After,2026-02-16 01:13:00,1,false_positive,residual_misdetection,6,1,2.5,0
47,2,night_waker,2026-02-16,After,2026-02-17 02:47:00,2,actual,actual_bed_exit,142,0,4.6,1
47,4,restless_2,2026-02-16,After,2026-02-17 04:34:00,4,actual,actual_bed_exit,290,0,5.1,1
47,2,night_waker,2026-02-16,After,2026-02-17 02:46:00,2,actual,actual_bed_exit,258,0,5.8,0
47,2,night_waker,2026-02-16,After,2026-02-17 03:31:00,3,false_positive,residual_misdetection,26,1,2.9,0
48,4,restless_2,2026-02-17,After,2026-02-18 04:41:00,4,actual,actual_bed_exit,271,0,4.4,0
48,2,night_waker,2026-02-17,After,2026-02-18 01:52:00,1,actual,actual_bed_exit,325,0,6.7,1
48,4,restless_2,2026-02-17,After,2026-02-17 23:05:00,23,actual,actual_bed_exit,572,0,4.2,0
48,3,restless_1,2026-02-17,After,2026-02-18 02:14:00,2,false_positive,residual_misdetection,17,1,2.8,0
48,1,still,2026-02-17,After,2026-02-18 00:02:00,0,false_positive,residual_misdetection,25,1,3.5,0
49,4,restless_2,2026-02-18,After,2026-02-19 04:34:00,4,actual,actual_bed_exit,574,0,5.0,1
49,1,still,2026-02-18,After,2026-02-18 23:59:00,23,false_positive,staff_passing,9,1,2.6,0
50,2,night_waker,2026-02-19,After,2026-02-20 04:51:00,4,actual,actual_bed_exit,382,0,5.1,0
51,2,night_waker,2026-02-20,After,2026-02-21 04:57:00,4,actual,actual_bed_exit,283,0,7.0,0
51,1,still,2026-02-20,After,2026-02-20 22:10:00,22,false_positive,residual_misdetection,5,1,3.9,1
51,4,restless_2,2026-02-20,After,2026-02-20 22:11:00,22,false_positive,residual_misdetection,5,1,4.2,0
52,4,restless_2,2026-02-21,After,2026-02-22 03:56:00,3,actual,actual_bed_exit,497,0,4.5,0
52,4,restless_2,2026-02-21,After,2026-02-22 00:01:00,0,false_positive,residual_misdetection,6,1,2.9,0
52,3,restless_1,2026-02-21,After,2026-02-22 02:39:00,2,false_positive,residual_misdetection,7,1,2.4,0
53,2,night_waker,2026-02-22,After,2026-02-22 23:35:00,23,actual,actual_bed_exit,336,0,4.7,1
53,4,restless_2,2026-02-22,After,2026-02-22 22:44:00,22,false_positive,residual_misdetection,26,1,3.7,0
54,4,restless_2,2026-02-23,After,2026-02-24 00:28:00,0,actual,actual_bed_exit,191,0,4.3,1
54,3,restless_1,2026-02-23,After,2026-02-24 01:04:00,1,actual,actual_bed_exit,517,0,5.9,1
54,2,night_waker,2026-02-23,After,2026-02-24 03:53:00,3,actual,actual_bed_exit,244,0,7.4,1
54,3,restless_1,2026-02-23,After,2026-02-23 23:05:00,23,false_positive,residual_misdetection,26,1,3.8,0
55,2,night_waker,2026-02-24,After,2026-02-25 02:21:00,2,actual,actual_bed_exit,442,0,4.4,0
56,2,night_waker,2026-02-25,After,2026-02-26 04:52:00,4,actual,actual_bed_exit,488,0,5.2,1
56,3,restless_1,2026-02-25,After,2026-02-26 02:31:00,2,actual,actual_bed_exit,528,0,4.0,1
56,4,restless_2,2026-02-25,After,2026-02-26 02:54:00,2,actual,actual_bed_exit,167,0,6.0,1
56,2,night_waker,2026-02-25,After,2026-02-26 00:10:00,0,actual,actual_bed_exit,596,0,4.5,1
56,2,night_waker,2026-02-25,After,2026-02-26 03:23:00,3,actual,actual_bed_exit,365,0,3.3,1
56,2,night_waker,2026-02-25,After,2026-02-25 22:02:00,22,false_positive,staff_passing,21,1,3.1,0
